customer_id,name,gender,age,join_date,city
C0001,강미숙,Male,28,2023-08-08,정선군
C0002,류상훈,Female,63,2024-01-22,철원군
C0003,최명자,Female,44,2024-11-23,부천시 소사구
C0004,백현우,Male,21,2025-01-01,하남시
C0005,한현숙,Female,68,2023-06-14,양양군
C0006,이정남,Female,37,2024-11-03,양주시
C0007,김영일,Female,34,2023-08-27,안산시 단원구
C0008,박수민,Male,42,2025-02-27,안산시
C0009,박영일,Male,60,2024-04-07,부여군
C0010,최진호,Female,49,2024-10-01,부여군
C0011,권서영,Male,53,2025-04-30,태안군
C0012,임승현,Female,67,2025-08-09,천안시 동남구
C0013,이민수,Male,63,2024-03-22,청주시 청원구
C0014,김동현,Male,68,2024-09-07,포천시
C0015,송현준,Female,25,2025-02-14,춘천시
C0016,서지현,Male,56,2025-06-22,수원시 장안구
C0017,백현정,Male,29,2024-08-07,청주시 상당구
C0018,이상현,Male,24,2023-11-10,과천시
C0019,진경수,Female,45,2023-10-06,남양주시
C0020,이정수,Male,20,2024-06-29,수원시 장안구
C0021,이현지,Male,50,2023-05-22,고양시
C0022,문영숙,Female,46,2023-11-18,서산시
C0023,서수민,Male,33,2024-09-01,예산군
C0024,하시우,Female,44,2023-01-21,청주시 청원구
C0025,박성호,Male,66,2024-05-05,군포시
C0026,이경수,Male,69,2022-11-12,인제군
C0027,오예준,Male,63,2022-11-03,김포시
C0028,김성민,Male,19,2023-06-15,용인시 수지구
C0029,김상훈,Female,43,2023-10-23,수원시 장안구
C0030,박정수,Male,21,2025-06-07,하남시
C0031,김명숙,Female,46,2023-05-31,동두천시
C0032,김민지,Female,60,2023-12-10,구리시
C0033,오수민,Male,62,2024-10-29,청주시 흥덕구
C0034,허준혁,Male,52,2024-11-15,과천시
C0035,김지영,Female,40,2023-05-13,의정부시
C0036,오성진,Male,35,2024-03-20,금산군
C0037,윤지은,Male,43,2023-06-22,계룡시
C0038,김은영,Male,34,2025-04-03,안산시 상록구
C0039,유지후,Male,70,2024-11-15,양양군
C0040,박정수,Female,33,2024-03-17,금산군
C0041,김도윤,Male,53,2023-11-16,광주시
C0042,최지훈,Female,65,2024-06-26,용인시 처인구
C0043,오승민,Female,23,2023-02-10,오산시
C0044,장채원,Female,68,2025-07-04,공주시
C0045,강건우,Female,42,2023-11-28,용인시
C0046,정은지,Female,21,2024-06-20,양양군
C0047,최영환,Female,55,2023-03-05,안양시 만안구
C0048,한정훈,Male,39,2025-07-03,이천시
C0049,곽미경,Male,27,2025-05-04,수원시 팔달구
C0050,윤현정,Female,34,2022-12-22,인제군
C0051,강우진,Male,22,2024-05-13,횡성군
C0052,백영순,Male,30,2024-07-07,고양시
C0053,김병철,Male,50,2023-03-06,부여군
C0054,김옥자,Male,51,2025-09-18,하남시
C0055,이영식,Male,38,2022-11-03,공주시
C0056,황영길,Female,42,2025-03-16,고양시 일산서구
C0057,노재현,Female,36,2023-02-18,삼척시
C0058,김지후,Female,59,2025-01-15,보은군
C0059,서정수,Female,46,2024-09-19,부천시 소사구
C0060,김영철,Female,16,2025-03-07,성남시 수정구
C0061,조선영,Male,61,2025-03-21,수원시
C0062,김영호,Female,40,2025-05-17,용인시 처인구
C0063,송영자,Male,44,2023-12-25,단양군
C0064,김진우,Female,23,2024-07-07,수원시 팔달구
C0065,김수진,Female,64,2025-06-21,용인시
C0066,안은지,Female,63,2023-07-27,부천시 오정구
C0067,김지아,Male,36,2023-10-01,괴산군
C0068,이정순,Female,18,2024-02-24,삼척시
C0069,최예지,Female,17,2025-02-11,강릉시
C0070,최수민,Male,42,2024-10-19,홍천군
C0071,김지우,Male,24,2025-03-24,서산시
C0072,최은정,Male,31,2023-03-12,양양군
C0073,최지민,Male,17,2022-11-08,청주시 청원구
C0074,최서영,Female,43,2023-10-06,양평군
C0075,이지우,Female,24,2023-08-25,성남시 중원구
C0076,이은경,Male,37,2023-06-15,의정부시
C0077,강재호,Female,46,2024-03-06,서산시
C0078,한준혁,Male,31,2024-02-07,인제군
C0079,김수빈,Male,38,2025-04-20,영월군
C0080,차수민,Female,31,2023-04-04,제천시
C0081,신상현,Female,41,2023-02-06,오산시
C0082,김지민,Female,22,2023-01-05,태백시
C0083,이순자,Female,66,2024-08-25,속초시
C0084,이혜진,Male,63,2023-07-02,영월군
C0085,김정훈,Female,25,2025-04-03,과천시
C0086,김명숙,Male,41,2023-11-10,과천시
C0087,이성수,Female,63,2023-06-30,고양시
C0088,장준영,Male,16,2025-02-02,용인시 처인구
C0089,박승민,Male,32,2022-11-14,원주시
C0090,김영희,Female,44,2024-01-29,성남시 수정구
C0091,손현준,Male,23,2024-12-11,서산시
C0092,김지훈,Female,20,2022-11-23,양양군
C0093,이영식,Male,41,2022-11-26,단양군
C0094,이민서,Female,41,2025-02-08,진천군
C0095,김유진,Male,22,2025-09-18,청주시 서원구
C0096,박성수,Male,61,2024-12-18,평창군
C0097,박광수,Male,28,2023-11-29,의왕시
C0098,민도윤,Male,20,2025-06-03,안산시
C0099,박민수,Male,60,2024-04-06,의정부시
C0100,김지우,Female,19,2022-12-08,고성군
C0101,김민지,Male,56,2023-10-29,괴산군
C0102,김미정,Male,41,2023-06-11,청주시 상당구
C0103,구상현,Female,43,2024-05-06,고성군
C0104,신병철,Male,25,2024-04-27,동두천시
C0105,김서연,Male,44,2023-11-09,안양시 만안구
C0106,이숙자,Male,64,2025-09-19,철원군
C0107,김정수,Female,67,2024-02-19,성남시 수정구
C0108,박영호,Male,15,2024-04-08,고양시 일산동구
C0109,장영희,Male,22,2025-02-01,부천시
C0110,이성훈,Male,30,2024-11-11,성남시 중원구
C0111,오혜진,Female,19,2025-02-12,진천군
C0112,이춘자,Female,66,2025-01-26,용인시 기흥구
C0113,강영희,Female,23,2023-06-08,충주시
C0114,민지후,Male,20,2024-05-01,안양시 동안구
C0115,김민지,Male,44,2025-05-03,하남시
C0116,안현준,Male,28,2024-05-20,청주시 청원구
C0117,강민지,Male,20,2025-08-22,동두천시
C0118,박수진,Female,68,2025-08-13,수원시 영통구
C0119,오현지,Female,65,2025-02-05,화성시
C0120,이지영,Female,67,2024-10-10,고성군
C0121,박수진,Male,16,2024-08-31,광명시
C0122,한영일,Female,25,2023-03-26,춘천시
C0123,김영호,Female,17,2023-02-12,청주시 서원구
C0124,김혜진,Female,51,2023-02-17,천안시 동남구
C0125,김영진,Male,45,2023-07-28,태안군
C0126,구상현,Male,70,2023-04-14,아산시
C0127,백선영,Female,19,2023-08-23,논산시
C0128,최성민,Male,30,2024-10-15,포천시
C0129,최민준,Male,26,2022-12-04,당진시
C0130,고영숙,Female,62,2023-03-30,태안군
C0131,김미정,Male,29,2025-04-27,보은군
C0132,지지영,Female,34,2024-03-06,태백시
C0133,김은지,Female,18,2022-11-16,용인시 기흥구
C0134,이중수,Male,69,2024-11-29,논산시
C0135,박성호,Male,66,2023-11-14,철원군
C0136,이선영,Female,30,2023-09-08,과천시
C0137,차경희,Female,66,2025-02-19,김포시
C0138,박정순,Female,50,2025-04-01,수원시 권선구
C0139,장서연,Female,31,2024-12-04,용인시 수지구
C0140,박순옥,Male,36,2023-01-03,안산시
C0141,강지훈,Female,55,2024-01-15,평창군
C0142,김진호,Female,53,2025-06-19,수원시 팔달구
C0143,송준영,Female,40,2024-01-28,성남시 분당구
C0144,이지현,Male,66,2023-04-15,수원시 영통구
C0145,장민준,Female,24,2024-02-15,아산시
C0146,하종수,Male,58,2025-04-04,수원시 팔달구
C0147,윤예진,Male,60,2023-08-22,김포시
C0148,양민지,Female,61,2025-08-22,안산시 단원구
C0149,진재현,Female,33,2023-01-08,성남시 중원구
C0150,송정수,Male,47,2024-07-02,청주시 상당구
C0151,김현우,Female,41,2025-05-20,의정부시
C0152,이영철,Male,57,2023-01-04,김포시
C0153,박지혜,Female,47,2023-04-16,옥천군
C0154,권정호,Male,35,2024-11-09,천안시 동남구
C0155,김지현,Male,32,2023-01-15,당진시
C0156,김보람,Male,45,2025-07-16,화천군
C0157,오미정,Male,49,2025-09-16,청주시 흥덕구
C0158,안민지,Female,44,2025-08-16,서산시
C0159,장숙자,Female,21,2022-11-08,아산시
C0160,허수빈,Female,31,2025-07-21,청양군
C0161,양승민,Female,45,2025-02-10,당진시
C0162,오정호,Male,38,2025-02-07,보은군
C0163,이지혜,Male,54,2025-06-22,청양군
C0164,박서준,Female,51,2022-12-21,평창군
C0165,최지훈,Male,69,2024-12-21,청주시 청원구
C0166,김춘자,Male,24,2024-05-20,청주시 상당구
C0167,김민석,Female,27,2025-05-10,제천시
C0168,장지혜,Female,53,2023-11-27,아산시
C0169,김광수,Female,47,2024-04-20,단양군
C0170,서정웅,Female,68,2025-09-21,부천시 소사구
C0171,차정순,Female,53,2024-09-15,수원시
C0172,엄민준,Female,53,2024-04-19,옥천군
C0173,한은주,Female,29,2024-10-04,광명시
C0174,김춘자,Male,15,2025-09-22,연천군
C0175,김상철,Female,23,2024-06-02,수원시
C0176,오예은,Female,17,2025-01-19,부여군
C0177,권정순,Female,54,2024-11-07,수원시 팔달구
C0178,장정자,Female,27,2024-07-26,당진시
C0179,최민수,Male,62,2024-06-10,연천군
C0180,송하윤,Female,18,2024-03-31,동두천시
C0181,김준서,Female,35,2024-05-19,고양시 일산서구
C0182,윤미경,Female,27,2024-10-01,고성군
C0183,이예은,Male,69,2023-03-30,안산시 단원구
C0184,김종수,Male,61,2025-07-02,논산시
C0185,전지영,Male,44,2023-10-22,용인시 기흥구
C0186,박혜진,Male,40,2024-08-28,하남시
C0187,백정식,Female,18,2023-11-26,강릉시
C0188,박현지,Male,35,2025-05-30,정선군
C0189,배채원,Male,42,2025-02-24,예산군
C0190,이상현,Female,44,2025-03-18,청주시 상당구
C0191,류정웅,Female,46,2023-05-08,이천시
C0192,김병철,Male,35,2024-12-17,삼척시
C0193,서영철,Male,36,2025-05-04,영월군
C0194,손승현,Female,63,2024-12-01,논산시
C0195,손예원,Male,34,2025-03-25,양주시
C0196,이정자,Male,22,2023-10-18,충주시
C0197,황하윤,Male,41,2024-02-10,하남시
C0198,오보람,Male,37,2024-10-23,수원시
C0199,강영길,Female,17,2023-04-22,이천시
C0200,김하은,Female,62,2024-09-30,속초시
C0201,이중수,Male,33,2022-10-27,예산군
C0202,문지우,Male,22,2023-11-11,철원군
C0203,김영식,Female,37,2024-04-26,음성군
C0204,김정순,Male,22,2023-05-25,보령시
C0205,강영숙,Female,64,2023-09-01,보은군
C0206,이선영,Female,54,2024-10-18,음성군
C0207,김현정,Male,46,2023-06-27,충주시
C0208,이승민,Male,29,2025-05-22,옥천군
C0209,장승현,Female,32,2023-01-17,수원시 장안구
C0210,박은영,Male,39,2023-01-26,이천시
C0211,나종수,Female,36,2022-11-30,성남시
C0212,최예은,Female,16,2025-04-10,원주시
C0213,주은영,Male,50,2024-07-22,용인시 기흥구
C0214,박지연,Female,52,2023-07-24,계룡시
C0215,최은정,Male,30,2023-12-05,청주시 청원구
C0216,오예지,Female,29,2023-01-12,청주시 상당구
C0217,이순자,Male,31,2023-05-03,의왕시
C0218,남병철,Male,55,2023-12-25,계룡시
C0219,오정웅,Male,17,2025-02-17,성남시
C0220,김혜진,Female,19,2023-12-31,성남시 분당구
C0221,이예지,Female,37,2023-12-12,청주시 청원구
C0222,남시우,Female,52,2025-09-08,하남시
C0223,이채원,Female,49,2024-05-10,증평군
C0224,황미영,Male,62,2023-11-14,음성군
C0225,한현준,Female,17,2022-11-27,과천시
C0226,박옥자,Male,36,2023-12-04,의정부시
C0227,나성현,Female,69,2024-02-17,동두천시
C0228,김주원,Male,43,2024-06-17,청양군
C0229,송경희,Female,32,2023-11-15,철원군
C0230,김민준,Female,57,2023-11-24,천안시 동남구
C0231,박예은,Male,48,2023-08-30,군포시
C0232,김춘자,Male,37,2024-01-12,용인시 수지구
C0233,손영철,Male,63,2024-01-29,평택시
C0234,김재현,Male,25,2025-02-28,인제군
C0235,김영호,Female,44,2025-07-03,충주시
C0236,이지은,Female,24,2024-01-27,아산시
C0237,손지원,Female,59,2024-02-09,양구군
C0238,김지후,Female,63,2023-08-06,수원시 장안구
C0239,한성수,Female,45,2022-12-23,예산군
C0240,김서현,Male,47,2023-07-24,속초시
C0241,류옥자,Female,47,2024-01-21,부천시 소사구
C0242,오준영,Male,61,2024-05-30,청양군
C0243,나현우,Female,44,2024-05-07,수원시 권선구
C0244,이민지,Female,22,2025-09-22,화성시
C0245,강성현,Male,56,2025-06-01,보은군
C0246,이수빈,Male,37,2025-08-29,삼척시
C0247,김성호,Female,51,2024-05-19,청주시 상당구
C0248,김미정,Female,45,2025-10-04,수원시 권선구
C0249,김하은,Male,32,2024-08-14,부천시
C0250,이예지,Female,55,2024-11-20,정선군
C0251,이옥자,Female,40,2025-05-14,평창군
C0252,김춘자,Female,47,2025-10-16,금산군
C0253,김정훈,Male,39,2023-03-21,영동군
C0254,손미경,Male,36,2024-05-18,고양시 덕양구
C0255,이영일,Female,30,2025-05-31,성남시 수정구
C0256,민은영,Male,51,2023-05-22,의정부시
C0257,이민지,Female,66,2023-05-21,고양시
C0258,김광수,Female,18,2024-02-23,옥천군
C0259,박승민,Female,24,2024-07-07,성남시 분당구
C0260,김아름,Female,35,2024-11-11,안산시 단원구
C0261,박정희,Male,65,2024-12-29,화천군
C0262,박준영,Female,45,2023-05-04,양주시
C0263,최상호,Female,50,2023-03-01,평창군
C0264,오경숙,Male,58,2024-08-25,성남시 중원구
C0265,박승현,Male,35,2023-08-26,아산시
C0266,남현정,Female,52,2025-10-06,성남시 분당구
C0267,이성현,Male,23,2024-03-14,아산시
C0268,김하윤,Female,18,2024-08-08,연천군
C0269,김성호,Female,20,2023-10-27,강릉시
C0270,송현정,Male,28,2022-11-14,논산시
C0271,김예원,Female,63,2023-09-03,천안시 서북구
C0272,이정자,Female,48,2023-07-02,용인시
C0273,박현숙,Female,53,2024-04-25,횡성군
C0274,이지영,Female,33,2023-12-04,동두천시
C0275,이예지,Female,57,2025-02-11,인제군
C0276,최경자,Female,58,2024-11-18,영동군
C0277,민성민,Female,24,2023-09-15,횡성군
C0278,김민석,Male,42,2024-10-28,평택시
C0279,김영숙,Female,49,2024-05-08,안성시
C0280,권준혁,Female,46,2024-06-03,성남시 수정구
C0281,김준영,Female,70,2025-06-27,진천군
C0282,김경자,Female,21,2025-09-02,양양군
C0283,이건우,Female,47,2025-05-11,고양시 덕양구
C0284,김동현,Female,30,2023-12-14,양구군
C0285,조지은,Male,51,2023-09-08,양구군
C0286,우영숙,Male,39,2025-03-22,충주시
C0287,이지현,Female,69,2023-04-29,계룡시
C0288,김숙자,Male,42,2023-05-08,횡성군
C0289,최준서,Female,42,2025-06-18,부천시 소사구
C0290,심상훈,Female,35,2024-12-20,광주시
C0291,이정훈,Female,51,2024-04-10,의왕시
C0292,이보람,Female,56,2023-04-30,동두천시
C0293,강민지,Male,38,2025-06-19,안산시 상록구
C0294,김지후,Male,45,2025-01-03,성남시 수정구
C0295,김영희,Female,51,2023-08-26,화천군
C0296,김서준,Female,68,2023-03-07,성남시 중원구
C0297,강하윤,Male,30,2025-04-29,보은군
C0298,강정희,Female,52,2023-01-23,평택시
C0299,이현지,Female,15,2023-11-15,예산군
C0300,박현지,Female,52,2024-10-17,의왕시
C0301,황예지,Female,35,2024-07-20,용인시 기흥구
C0302,최유진,Male,46,2025-09-07,청양군
C0303,노수민,Female,64,2024-06-07,보령시
C0304,김정순,Male,51,2024-08-09,부여군
C0305,하민수,Male,48,2025-01-21,용인시
C0306,김순옥,Male,63,2024-03-16,동해시
C0307,최미영,Female,69,2024-04-10,동두천시
C0308,허성민,Female,33,2023-10-09,천안시 동남구
C0309,서재현,Female,42,2023-05-11,연천군
C0310,이영길,Male,19,2023-01-18,보은군
C0311,김현주,Female,17,2024-08-22,양양군
C0312,박우진,Female,40,2023-11-08,당진시
C0313,박은정,Female,62,2025-03-16,구리시
C0314,박상호,Female,34,2023-04-24,오산시
C0315,이민서,Female,31,2023-07-09,예산군
C0316,이보람,Male,67,2025-02-11,안양시 동안구
C0317,민지연,Male,18,2025-06-07,음성군
C0318,안준서,Female,54,2023-12-26,파주시
C0319,이현우,Male,21,2025-02-17,과천시
C0320,김예지,Male,51,2023-11-15,청주시 상당구
C0321,양종수,Male,16,2024-04-11,안양시
C0322,박우진,Male,25,2025-03-18,수원시 영통구
C0323,이정식,Female,35,2025-03-19,청주시 흥덕구
C0324,김예은,Female,26,2024-09-24,증평군
C0325,문상철,Female,55,2024-12-13,연천군
C0326,조영수,Male,40,2024-03-26,광주시
C0327,김은지,Female,53,2023-09-10,증평군
C0328,신예원,Male,34,2023-08-04,김포시
C0329,노지후,Male,39,2023-11-19,파주시
C0330,조준서,Female,56,2024-10-26,하남시
C0331,송예지,Female,63,2024-11-02,청주시 흥덕구
C0332,이성현,Female,15,2024-08-09,용인시 수지구
C0333,노재호,Female,24,2023-05-05,서산시
C0334,문경희,Female,42,2025-04-07,영동군
C0335,김하은,Male,39,2025-07-25,과천시
C0336,송병철,Male,18,2025-08-04,양양군
C0337,김경숙,Male,23,2025-09-10,옥천군
C0338,이은경,Male,58,2023-04-09,김포시
C0339,김지아,Male,32,2024-07-24,청주시 서원구
C0340,안지후,Female,59,2023-05-07,의정부시
C0341,이중수,Female,42,2023-03-16,고양시 일산동구
C0342,황경자,Male,63,2025-07-23,청양군
C0343,강영호,Male,39,2022-12-19,군포시
C0344,이정식,Male,31,2025-05-12,가평군
C0345,김민석,Male,35,2024-10-24,용인시 기흥구
C0346,장현주,Female,21,2023-12-14,화천군
C0347,김서영,Male,24,2025-09-23,평택시
C0348,조정식,Male,51,2024-05-27,보령시
C0349,최수빈,Female,17,2025-06-04,안산시 상록구
C0350,문예진,Female,28,2024-02-26,홍성군
C0351,김채원,Male,65,2025-03-15,괴산군
C0352,김정숙,Female,55,2023-08-06,고성군
C0353,김정수,Female,57,2023-10-31,홍천군
C0354,김서윤,Male,22,2025-01-22,용인시 수지구
C0355,이승현,Female,61,2025-04-04,공주시
C0356,홍성진,Male,57,2023-07-06,횡성군
C0357,이진호,Female,25,2025-02-22,평택시
C0358,김현주,Female,62,2025-04-05,청양군
C0359,김민지,Female,47,2023-05-20,괴산군
C0360,장지혜,Male,41,2024-01-01,춘천시
C0361,박정숙,Female,30,2024-08-19,아산시
C0362,장정식,Male,42,2023-04-25,화천군
C0363,최지아,Male,63,2025-08-20,홍천군
C0364,박서현,Male,68,2025-05-20,태안군
C0365,이건우,Female,33,2023-07-10,청양군
C0366,김은영,Female,40,2024-12-30,음성군
C0367,박정남,Female,26,2024-04-15,괴산군
C0368,강지민,Male,28,2025-04-17,광명시
C0369,지하은,Male,64,2023-10-16,광명시
C0370,장현주,Female,52,2025-07-13,평창군
C0371,장지현,Female,40,2024-02-29,횡성군
C0372,이민석,Male,68,2025-04-26,안산시 상록구
C0373,장아름,Female,68,2024-08-10,원주시
C0374,김선영,Male,25,2023-11-21,동해시
C0375,조정자,Female,68,2023-07-24,고양시 덕양구
C0376,김민수,Female,67,2024-01-05,논산시
C0377,박정훈,Male,38,2025-01-28,화천군
C0378,황광수,Male,57,2023-12-18,청주시 상당구
C0379,김춘자,Female,51,2025-05-05,단양군
C0380,박민재,Female,28,2025-06-26,고양시 일산동구
C0381,이서연,Female,57,2025-05-22,고성군
C0382,서영길,Female,36,2024-08-20,논산시
C0383,김하윤,Male,47,2024-03-18,고양시 덕양구
C0384,이유진,Female,62,2022-11-24,양양군
C0385,이영환,Male,49,2025-02-19,보은군
C0386,이예준,Female,18,2025-03-15,천안시 동남구
C0387,최영길,Male,49,2024-09-06,용인시 기흥구
C0388,이서연,Female,66,2024-12-16,홍성군
C0389,이상현,Female,40,2024-02-01,광주시
C0390,오시우,Female,53,2025-07-15,홍천군
C0391,류영일,Female,57,2024-04-25,파주시
C0392,백유진,Female,25,2023-06-15,용인시 수지구
C0393,이민지,Female,59,2025-04-14,안산시 상록구
C0394,강유진,Male,34,2024-03-28,부천시 오정구
C0395,이정남,Male,38,2025-05-06,이천시
C0396,전영진,Male,19,2022-10-19,태안군
C0397,김도윤,Male,49,2023-04-26,정선군
C0398,박준혁,Male,70,2024-12-13,가평군
C0399,황유진,Female,27,2025-01-18,성남시 중원구
C0400,안예준,Female,19,2025-06-15,진천군
C0401,김주원,Male,31,2023-11-07,양주시
C0402,임성수,Female,19,2023-02-06,부천시 소사구
C0403,김진우,Female,27,2023-06-02,동해시
C0404,윤지연,Male,66,2024-08-19,수원시 장안구
C0405,서영일,Female,21,2025-04-08,청주시 상당구
C0406,최예은,Male,44,2022-12-30,제천시
C0407,노성민,Female,53,2024-10-25,동두천시
C0408,이영길,Male,42,2023-04-04,이천시
C0409,문혜진,Female,31,2023-03-04,안산시
C0410,김도현,Female,24,2024-06-13,부여군
C0411,오정훈,Female,45,2022-12-03,의정부시
C0412,김정수,Male,50,2022-12-12,보령시
C0413,이현준,Female,54,2022-12-13,성남시 분당구
C0414,박성수,Male,35,2023-09-15,수원시 팔달구
C0415,김수민,Male,42,2023-07-26,의왕시
C0416,구미경,Male,65,2023-02-26,예산군
C0417,김현숙,Male,19,2023-03-15,광명시
C0418,장하은,Male,61,2023-12-21,충주시
C0419,한서연,Female,62,2022-12-12,양양군
C0420,고현정,Female,52,2024-12-20,부천시
C0421,이정훈,Female,56,2025-10-05,포천시
C0422,이수민,Male,57,2025-07-07,연천군
C0423,김성민,Male,32,2024-05-13,의정부시
C0424,안유진,Male,23,2023-02-13,아산시
C0425,안승현,Female,66,2023-11-07,횡성군
C0426,박영일,Female,42,2024-01-22,태백시
C0427,김채원,Male,68,2022-11-04,구리시
C0428,김하윤,Male,16,2023-03-21,안산시 상록구
C0429,이은경,Female,66,2024-12-18,예산군
C0430,김성진,Female,64,2024-09-16,천안시 서북구
C0431,서정숙,Male,31,2024-08-29,양주시
C0432,윤준혁,Female,45,2024-12-20,수원시 팔달구
C0433,홍경숙,Female,48,2025-02-24,안양시 만안구
C0434,이병철,Female,58,2025-07-24,평창군
C0435,이보람,Male,61,2023-12-26,증평군
C0436,김하은,Female,52,2025-04-11,광명시
C0437,윤서연,Female,39,2024-12-23,동해시
C0438,이숙자,Female,64,2025-04-03,영동군
C0439,김예은,Female,34,2022-10-23,화성시
C0440,이정식,Female,39,2023-07-12,안양시 만안구
C0441,김도현,Male,19,2024-06-15,음성군
C0442,김진우,Female,30,2023-12-14,청주시 상당구
C0443,박영환,Female,21,2024-03-05,공주시
C0444,김정희,Male,35,2024-10-07,양구군
C0445,이영식,Female,22,2025-02-18,천안시 동남구
C0446,박광수,Male,63,2024-05-09,부천시
C0447,김은서,Male,33,2025-02-12,구리시
C0448,김정훈,Female,61,2023-04-08,보령시
C0449,김병철,Male,34,2024-04-14,수원시 영통구
C0450,장영순,Female,45,2023-04-20,동두천시
C0451,김정훈,Female,20,2025-05-09,수원시 권선구
C0452,송하윤,Female,66,2023-08-31,수원시 팔달구
C0453,하지우,Male,47,2023-12-05,여주시
C0454,송영숙,Male,25,2025-10-09,고양시 일산동구
C0455,이지은,Female,41,2023-11-14,고양시 덕양구
C0456,안병철,Male,39,2024-08-29,원주시
C0457,이도윤,Male,65,2025-04-12,평창군
C0458,강서연,Male,49,2022-11-21,논산시
C0459,김현정,Male,61,2024-02-04,성남시
C0460,이영숙,Male,49,2022-11-23,부천시 원미구
C0461,이유진,Female,51,2024-11-05,성남시 수정구
C0462,김예은,Male,30,2024-12-09,양구군
C0463,김정희,Male,33,2024-08-28,홍성군
C0464,김주원,Female,18,2024-02-17,청양군
C0465,이진호,Male,40,2023-07-24,금산군
C0466,우성진,Female,45,2024-05-05,당진시
C0467,심도윤,Female,22,2025-10-09,수원시
C0468,김정웅,Female,57,2022-12-07,보령시
C0469,박영수,Male,66,2024-03-07,태백시
C0470,김준영,Female,43,2023-10-05,안성시
C0471,이영순,Male,38,2025-10-04,이천시
C0472,김영진,Female,25,2023-11-11,성남시
C0473,박성수,Male,41,2024-08-12,제천시
C0474,박미정,Male,54,2023-02-22,음성군
C0475,이우진,Male,58,2025-04-08,부천시
C0476,김민석,Male,17,2023-02-21,영동군
C0477,김채원,Male,65,2023-11-08,고양시 일산서구
C0478,이아름,Female,52,2025-01-09,옥천군
C0479,이진호,Male,36,2024-03-24,인제군
C0480,김도현,Female,26,2025-02-22,춘천시
C0481,이현주,Female,50,2024-09-15,천안시 서북구
C0482,박명숙,Male,21,2024-08-23,옥천군
C0483,박예지,Male,70,2023-08-17,옥천군
C0484,오정순,Female,64,2024-12-26,화성시
C0485,유수진,Male,46,2024-04-19,논산시
C0486,이현준,Male,59,2024-06-10,수원시 권선구
C0487,최정웅,Male,57,2025-04-04,고양시 일산동구
C0488,강서영,Male,17,2024-03-13,여주시
C0489,권지영,Male,47,2025-05-03,청주시 상당구
C0490,류은서,Female,17,2024-08-18,용인시 처인구
C0491,박서영,Female,27,2023-05-28,용인시
C0492,김서준,Male,32,2024-04-09,동두천시
C0493,최정희,Female,48,2024-12-24,청주시 상당구
C0494,유지현,Male,68,2023-10-18,원주시
C0495,김은지,Male,53,2023-03-23,안산시 단원구
C0496,류은지,Female,32,2024-11-08,음성군
C0497,이경숙,Male,39,2025-02-21,청주시 청원구
C0498,백유진,Male,25,2022-11-15,동두천시
C0499,박윤서,Male,52,2024-12-24,동두천시
C0500,황수진,Male,55,2024-11-12,용인시 처인구
C0501,윤채원,Female,35,2023-12-12,안양시 만안구
C0502,서영철,Female,41,2024-05-01,고양시
C0503,김정수,Female,22,2025-07-12,태백시
C0504,전영호,Female,15,2025-01-29,충주시
C0505,장진호,Female,42,2023-06-08,청양군
C0506,신영미,Female,50,2024-02-01,영동군
C0507,박민재,Male,41,2024-05-24,홍천군
C0508,이정훈,Male,21,2023-02-24,서천군
C0509,김영미,Female,65,2025-01-02,철원군
C0510,김정수,Female,15,2024-11-26,고양시
C0511,조지혜,Female,23,2024-03-09,수원시 영통구
C0512,김영희,Female,66,2022-11-03,철원군
C0513,이준호,Female,48,2024-07-08,화천군
C0514,문서준,Female,34,2025-05-19,아산시
C0515,차영희,Male,34,2024-09-09,공주시
C0516,박영철,Female,62,2023-07-24,부천시 소사구
C0517,류준영,Female,62,2023-07-30,용인시
C0518,김정식,Male,47,2023-10-01,성남시 분당구
C0519,김정희,Male,69,2025-10-08,증평군
C0520,김지은,Male,23,2025-07-28,괴산군
C0521,이수민,Male,15,2024-11-09,이천시
C0522,이보람,Female,60,2025-09-15,보은군
C0523,박경희,Female,29,2025-08-27,공주시
C0524,이재호,Male,29,2023-06-30,춘천시
C0525,박성민,Male,67,2023-03-23,고양시
C0526,차진호,Male,56,2024-10-22,안산시 상록구
C0527,차정호,Male,33,2024-11-20,성남시 수정구
C0528,이순자,Male,17,2025-06-07,여주시
C0529,박정식,Female,51,2023-01-06,공주시
C0530,이영호,Male,17,2024-12-24,고양시 덕양구
C0531,이성훈,Male,41,2024-07-16,오산시
C0532,송준서,Female,25,2025-04-18,동두천시
C0533,황서현,Female,62,2023-06-14,하남시
C0534,김지후,Female,49,2023-10-01,의왕시
C0535,장진호,Male,56,2024-07-01,광명시
C0536,이진호,Female,27,2023-02-23,보은군
C0537,남도현,Female,32,2025-05-16,여주시
C0538,양준혁,Female,27,2022-11-19,동두천시
C0539,장영식,Male,31,2023-06-13,청주시 흥덕구
C0540,박미정,Male,17,2023-04-08,광명시
C0541,남진우,Male,41,2025-10-09,청양군
C0542,홍서윤,Male,25,2025-03-16,청주시 흥덕구
C0543,김중수,Female,26,2022-11-07,부천시 원미구
C0544,서예지,Female,66,2025-02-12,평창군
C0545,김성진,Male,18,2023-06-17,여주시
C0546,김예원,Male,27,2025-02-19,동해시
C0547,박준혁,Male,44,2025-06-14,금산군
C0548,박정희,Female,41,2024-05-18,김포시
C0549,이정숙,Male,68,2024-02-08,성남시 중원구
C0550,김민석,Female,20,2023-09-18,양양군
C0551,이예진,Male,51,2024-09-27,서산시
C0552,김은경,Female,17,2023-05-27,아산시
C0553,민예진,Male,33,2025-09-03,안성시
C0554,이영철,Male,60,2024-05-07,당진시
C0555,최수민,Female,37,2023-11-22,의정부시
C0556,최지현,Female,50,2023-01-27,청주시 흥덕구
C0557,김상호,Female,61,2023-05-30,용인시 수지구
C0558,엄병철,Male,60,2023-11-17,화성시
C0559,이진우,Female,33,2022-11-23,양주시
C0560,이민재,Male,64,2025-06-28,가평군
C0561,박현주,Male,19,2025-09-17,양평군
C0562,이진호,Male,18,2024-09-17,고성군
C0563,이영순,Male,51,2024-11-13,서천군
C0564,이성민,Male,38,2023-04-06,천안시 서북구
C0565,박승민,Female,20,2024-09-10,오산시
C0566,박지은,Male,31,2025-06-18,안산시
C0567,최정훈,Male,33,2023-03-30,하남시
C0568,손현숙,Female,52,2025-08-02,태백시
C0569,오승현,Female,28,2024-06-17,고성군
C0570,이수빈,Male,24,2023-04-06,평택시
C0571,최현숙,Female,51,2025-04-20,수원시
C0572,김은정,Male,57,2023-12-02,고양시 덕양구
C0573,박서연,Male,54,2024-11-13,안양시
C0574,류시우,Female,34,2023-03-30,고양시 일산서구
C0575,김영진,Male,46,2024-02-06,양평군
C0576,이미숙,Male,53,2022-12-03,양평군
C0577,이정수,Male,67,2023-01-28,용인시 기흥구
C0578,차민재,Female,36,2025-01-10,양주시
C0579,이수민,Male,66,2023-05-31,정선군
C0580,최지원,Male,31,2023-07-31,안산시 상록구
C0581,안현정,Male,47,2025-08-17,청주시 상당구
C0582,신현숙,Female,69,2023-10-26,보령시
C0583,이재현,Male,37,2024-10-04,과천시
C0584,배영환,Male,47,2023-08-22,양구군
C0585,이지은,Female,67,2023-10-07,부여군
C0586,노성민,Male,26,2025-08-10,원주시
C0587,김명자,Male,20,2025-10-16,용인시 수지구
C0588,이정호,Female,53,2025-04-10,시흥시
C0589,이준서,Male,45,2024-08-13,성남시 수정구
C0590,이지훈,Male,36,2024-04-26,안산시 상록구
C0591,양경숙,Male,56,2024-12-27,성남시 분당구
C0592,손미경,Male,20,2023-03-16,과천시
C0593,최서현,Male,48,2024-11-04,남양주시
C0594,박순옥,Female,57,2025-01-25,평택시
C0595,이성현,Male,16,2024-05-20,포천시
C0596,양경자,Male,46,2024-05-27,이천시
C0597,김수민,Female,68,2023-05-13,천안시 동남구
C0598,박예원,Male,49,2023-11-21,영월군
C0599,이성현,Female,61,2023-10-16,성남시 분당구
C0600,김하윤,Female,16,2023-01-15,청주시 청원구
C0601,박성현,Female,17,2024-08-05,안양시 만안구
C0602,김서준,Female,53,2025-09-03,강릉시
C0603,송영호,Female,23,2024-06-20,용인시 수지구
C0604,홍민재,Male,45,2023-10-29,진천군
C0605,한도윤,Female,70,2023-07-05,안산시 단원구
C0606,류예준,Male,42,2025-05-24,성남시 중원구
C0607,최준서,Female,40,2025-01-11,음성군
C0608,이현주,Male,43,2023-11-01,청주시 청원구
C0609,박민수,Female,16,2025-02-07,청주시 청원구
C0610,조명숙,Male,54,2024-07-21,군포시
C0611,이상훈,Female,51,2023-09-12,괴산군
C0612,김지영,Female,28,2023-09-01,용인시
C0613,이수빈,Male,34,2023-01-20,수원시
C0614,윤예원,Female,42,2024-11-18,원주시
C0615,김영미,Female,46,2024-10-22,증평군
C0616,박영환,Female,25,2023-02-07,김포시
C0617,류영숙,Female,43,2024-12-20,원주시
C0618,서옥자,Female,27,2023-01-17,양양군
C0619,송지후,Male,70,2024-04-29,평창군
C0620,한서영,Male,45,2023-12-26,안양시 만안구
C0621,최예지,Female,62,2025-06-08,동해시
C0622,최영미,Male,17,2023-05-07,삼척시
C0623,심병철,Female,22,2025-03-14,청주시 청원구
C0624,이명자,Male,26,2025-05-19,태백시
C0625,김은영,Male,46,2024-06-25,의정부시
C0626,백윤서,Female,55,2023-04-15,인제군
C0627,곽정식,Female,15,2023-10-31,논산시
C0628,황정호,Male,38,2023-05-16,용인시 기흥구
C0629,이영진,Male,69,2023-11-15,청주시 청원구
C0630,한경희,Male,37,2023-09-05,광명시
C0631,김주원,Male,54,2023-08-12,양양군
C0632,최재호,Male,36,2025-02-18,고양시 덕양구
C0633,윤진우,Male,24,2024-09-09,수원시 장안구
C0634,권영희,Female,34,2023-01-19,부천시 원미구
C0635,이정훈,Male,61,2025-09-15,충주시
C0636,김수진,Female,70,2024-11-15,청주시 서원구
C0637,김시우,Female,48,2024-03-01,용인시
C0638,김영식,Female,16,2023-07-15,고양시 덕양구
C0639,김영철,Male,64,2024-08-24,논산시
C0640,김경수,Female,25,2024-03-12,홍천군
C0641,윤현준,Male,65,2024-01-17,보령시
C0642,강승현,Female,21,2025-03-10,화천군
C0643,박상훈,Male,29,2024-01-17,횡성군
C0644,김정순,Female,31,2023-01-27,화성시
C0645,홍옥자,Female,40,2024-11-25,평창군
C0646,진중수,Female,57,2025-10-17,수원시 권선구
C0647,박하윤,Male,37,2024-09-23,횡성군
C0648,박예은,Female,43,2025-01-20,안산시 단원구
C0649,이영호,Male,33,2024-09-18,안산시 상록구
C0650,이도현,Male,53,2023-03-25,부천시 원미구
C0651,곽준서,Female,32,2025-01-04,태안군
C0652,강재현,Male,49,2023-07-25,과천시
C0653,양지현,Female,61,2023-09-10,고양시
C0654,송영식,Male,47,2023-04-29,이천시
C0655,박준서,Female,62,2025-10-04,부천시 소사구
C0656,류지원,Female,36,2023-08-19,철원군
C0657,김성진,Male,43,2025-05-31,오산시
C0658,이영호,Male,65,2024-02-28,속초시
C0659,오민준,Female,24,2024-01-21,용인시 기흥구
C0660,김지민,Male,52,2024-01-28,광명시
C0661,고은서,Male,21,2023-12-22,고양시 일산서구
C0662,이병철,Male,52,2025-10-18,천안시 서북구
C0663,오상훈,Male,70,2024-11-24,천안시 동남구
C0664,이지연,Male,37,2024-05-03,부여군
C0665,오준서,Male,36,2025-10-17,부여군
C0666,고주원,Female,31,2024-03-18,홍성군
C0667,차옥자,Male,16,2023-11-07,과천시
C0668,김현우,Male,55,2024-03-03,광주시
C0669,황도현,Female,29,2024-08-08,김포시
C0670,류정호,Male,25,2025-07-11,성남시
C0671,최우진,Female,51,2023-01-01,수원시 팔달구
C0672,김서연,Female,67,2025-09-10,청주시 서원구
C0673,조상철,Female,45,2025-06-28,고양시 일산서구
C0674,류보람,Female,70,2025-08-26,광명시
C0675,박예원,Female,64,2022-10-19,오산시
C0676,강지우,Female,56,2024-01-27,포천시
C0677,김상호,Male,46,2022-11-28,춘천시
C0678,안광수,Female,24,2025-01-20,청주시 서원구
C0679,윤영호,Male,15,2023-12-15,수원시 권선구
C0680,강지혜,Female,68,2025-08-06,이천시
C0681,이은영,Male,36,2024-05-25,영월군
C0682,박정희,Female,40,2023-07-05,수원시 장안구
C0683,차예진,Male,19,2025-01-09,서천군
C0684,최은지,Male,57,2024-04-06,안양시 만안구
C0685,이영철,Male,47,2024-05-01,부천시 오정구
C0686,권성민,Male,42,2023-03-12,태백시
C0687,박지훈,Female,53,2023-03-14,충주시
C0688,장수진,Female,23,2025-07-17,태백시
C0689,김수진,Female,59,2023-01-31,진천군
C0690,류준서,Female,38,2023-10-25,안산시
C0691,김현주,Female,24,2025-02-04,강릉시
C0692,김채원,Male,16,2023-11-09,원주시
C0693,김영식,Female,61,2024-02-28,보은군
C0694,김영일,Female,21,2023-02-16,수원시 팔달구
C0695,우정남,Male,44,2023-01-20,천안시 서북구
C0696,이하은,Female,46,2024-02-14,영월군
C0697,류영자,Male,20,2023-11-12,의왕시
C0698,이명자,Female,38,2024-06-05,예산군
C0699,윤도현,Male,40,2023-04-29,안양시 동안구
C0700,김영호,Female,21,2022-10-25,안성시
C0701,김정자,Female,57,2023-05-15,삼척시
C0702,이재현,Male,59,2024-08-18,수원시 장안구
C0703,이정숙,Female,27,2024-07-06,고양시 일산서구
C0704,윤지혜,Male,21,2024-05-03,고성군
C0705,송경희,Female,26,2024-09-05,광명시
C0706,오은지,Female,58,2022-12-10,안양시 동안구
C0707,김예진,Male,57,2023-05-17,청주시 상당구
C0708,김지아,Female,57,2025-08-09,화성시
C0709,김하윤,Male,55,2023-10-12,김포시
C0710,이민재,Male,49,2023-07-13,영월군
C0711,전지영,Male,23,2023-08-25,고양시 일산동구
C0712,이정자,Male,63,2023-12-07,인제군
C0713,배혜진,Male,36,2024-04-25,부천시
C0714,김성현,Female,37,2025-10-01,부천시 소사구
C0715,박정훈,Male,20,2022-12-16,연천군
C0716,이명숙,Male,16,2025-08-28,동해시
C0717,남명숙,Female,53,2024-03-08,양양군
C0718,김광수,Female,41,2025-06-05,부천시 오정구
C0719,최재호,Female,20,2024-01-06,수원시 권선구
C0720,고시우,Male,22,2024-09-30,성남시 수정구
C0721,윤성수,Female,43,2024-06-27,동두천시
C0722,문상호,Male,60,2024-08-28,안산시
C0723,최상호,Female,66,2023-04-27,화성시
C0724,김하은,Male,30,2024-06-03,홍성군
C0725,강정호,Male,51,2024-08-08,용인시 수지구
C0726,이동현,Female,70,2024-01-28,서산시
C0727,김준호,Female,68,2022-10-22,동해시
C0728,김지아,Female,25,2022-12-16,고양시 일산서구
C0729,장상훈,Female,27,2022-10-29,부여군
C0730,김윤서,Female,19,2025-08-21,하남시
C0731,이정식,Male,27,2024-06-04,부천시 소사구
C0732,김영일,Male,32,2022-12-19,안성시
C0733,박성호,Male,20,2023-04-14,홍성군
C0734,이지우,Female,64,2022-11-25,서산시
C0735,강예지,Female,70,2025-07-16,안양시
C0736,하서윤,Male,53,2025-05-22,고양시 일산동구
C0737,김예진,Female,17,2022-12-30,아산시
C0738,문예은,Female,53,2024-08-16,단양군
C0739,최지현,Male,58,2025-02-18,예산군
C0740,박영철,Male,42,2024-10-19,고성군
C0741,김도윤,Male,67,2024-03-19,청주시 청원구
C0742,김지은,Male,43,2023-10-19,부여군
C0743,김정희,Male,66,2024-12-27,안양시 동안구
C0744,양우진,Male,18,2023-09-30,서산시
C0745,이수빈,Female,27,2023-12-11,아산시
C0746,허숙자,Male,48,2023-01-03,태안군
C0747,이영미,Female,16,2025-02-17,태백시
C0748,서지혜,Female,63,2024-07-01,수원시
C0749,박정식,Female,70,2025-04-07,동해시
C0750,이예진,Male,25,2025-03-09,태안군
C0751,우지민,Female,32,2024-08-21,정선군
C0752,차진호,Female,34,2025-02-13,가평군
C0753,강성수,Female,61,2024-07-17,인제군
C0754,민주원,Male,34,2023-09-01,보은군
C0755,이시우,Male,34,2025-02-07,수원시 팔달구
C0756,김민지,Male,50,2025-01-29,성남시
C0757,김영진,Male,29,2024-09-12,제천시
C0758,권중수,Male,63,2023-05-20,양양군
C0759,박도현,Female,49,2024-06-30,논산시
C0760,오성훈,Male,15,2023-03-20,천안시 서북구
C0761,최성수,Female,23,2024-09-23,영월군
C0762,박영자,Female,15,2024-11-07,의정부시
C0763,류옥자,Female,28,2025-04-02,금산군
C0764,박민지,Female,51,2023-08-14,음성군
C0765,이정숙,Male,46,2023-09-29,강릉시
C0766,황준호,Male,53,2024-11-19,증평군
C0767,장승민,Male,19,2023-02-04,수원시 영통구
C0768,김건우,Female,20,2023-10-08,평창군
C0769,최은서,Female,32,2024-12-17,양평군
C0770,김옥자,Female,19,2025-05-24,의정부시
C0771,배정숙,Male,52,2024-09-11,화천군
C0772,권민서,Female,28,2024-03-29,정선군
C0773,임영환,Male,40,2023-06-27,공주시
C0774,이경희,Female,24,2024-10-15,홍천군
C0775,전정식,Female,56,2024-04-23,횡성군
C0776,김경자,Male,69,2023-03-26,홍성군
C0777,김시우,Male,48,2025-06-19,보은군
C0778,박수민,Female,27,2025-09-24,과천시
C0779,손영숙,Male,37,2023-12-02,춘천시
C0780,송서현,Male,30,2025-06-01,광명시
C0781,김영길,Male,47,2024-09-27,안산시 상록구
C0782,박진우,Female,52,2024-02-15,청주시 청원구
C0783,민도현,Female,26,2025-01-27,고양시 덕양구
C0784,백지영,Female,60,2024-02-17,성남시 중원구
C0785,김지영,Male,40,2024-01-10,당진시
C0786,전미정,Female,62,2024-01-23,서산시
C0787,한은정,Female,24,2025-01-26,동두천시
C0788,박성호,Female,15,2023-04-22,구리시
C0789,김지훈,Female,24,2022-12-01,단양군
C0790,박예준,Female,63,2023-03-04,청주시 청원구
C0791,박서준,Male,43,2025-01-27,평창군
C0792,최예진,Male,68,2023-12-26,화성시
C0793,김영순,Female,30,2024-07-18,제천시
C0794,노준영,Male,23,2024-07-10,고성군
C0795,이지훈,Male,26,2025-04-30,보은군
C0796,곽현주,Male,27,2023-02-25,음성군
C0797,윤은서,Male,68,2023-03-14,수원시 장안구
C0798,최정호,Female,46,2023-01-14,안산시
C0799,성예원,Male,65,2024-06-20,계룡시
C0800,이준혁,Male,47,2023-10-05,공주시
C0801,안지후,Male,37,2023-10-01,제천시
C0802,서은주,Female,61,2022-11-19,안산시
C0803,권영철,Female,60,2025-08-28,증평군
C0804,최하은,Male,50,2025-02-03,여주시
C0805,김윤서,Female,41,2022-10-20,청주시 청원구
C0806,이은지,Female,47,2023-04-20,진천군
C0807,윤중수,Female,44,2023-06-10,천안시 서북구
C0808,이지훈,Male,55,2025-02-05,부천시 소사구
C0809,김도현,Male,54,2023-12-11,수원시 팔달구
C0810,문종수,Male,47,2024-01-02,여주시
C0811,이정식,Female,32,2025-09-25,용인시 수지구
C0812,홍은정,Male,38,2025-04-24,원주시
C0813,이영식,Female,67,2025-07-15,제천시
C0814,김서연,Male,24,2024-11-24,고성군
C0815,이순자,Male,26,2024-04-10,광주시
C0816,김상철,Male,53,2025-01-12,보령시
C0817,이영희,Male,38,2023-12-02,용인시
C0818,이영길,Male,60,2024-03-08,고양시 일산동구
C0819,이정웅,Female,45,2025-05-13,논산시
C0820,이예원,Male,52,2022-12-17,동두천시
C0821,이정훈,Male,34,2023-06-20,양구군
C0822,최선영,Female,39,2025-01-11,옥천군
C0823,박지원,Male,66,2024-06-13,용인시 수지구
C0824,김준서,Male,16,2024-12-29,안양시
C0825,윤주원,Male,26,2024-11-01,음성군
C0826,박준호,Female,26,2024-07-08,용인시
C0827,김영일,Male,55,2024-10-10,춘천시
C0828,김승민,Female,52,2023-12-24,의왕시
C0829,장현정,Female,37,2023-10-18,태안군
C0830,장순옥,Male,25,2025-03-12,논산시
C0831,최현숙,Male,24,2022-12-28,화성시
C0832,이도현,Female,65,2025-02-06,영동군
C0833,황영환,Male,43,2024-01-23,동두천시
C0834,엄성진,Male,35,2024-01-10,원주시
C0835,하정수,Male,65,2024-12-15,동해시
C0836,손지영,Female,27,2025-07-08,동두천시
C0837,김진우,Female,52,2024-03-12,정선군
C0838,김성호,Female,36,2023-07-20,남양주시
C0839,김정숙,Female,62,2024-02-29,양평군
C0840,문순자,Female,33,2024-06-30,안양시 동안구
C0841,이영환,Male,61,2025-04-13,음성군
C0842,임영철,Female,36,2023-06-13,보령시
C0843,김경수,Male,15,2025-06-29,계룡시
C0844,김준호,Female,48,2023-04-19,양주시
C0845,전성현,Female,53,2023-01-03,성남시
C0846,하정웅,Female,18,2025-07-16,진천군
C0847,윤상철,Female,57,2023-03-06,삼척시
C0848,김정순,Female,67,2024-04-12,횡성군
C0849,지준서,Female,23,2025-04-06,서산시
C0850,김은서,Female,65,2025-06-15,평택시
C0851,김정식,Male,42,2024-01-21,안성시
C0852,최영수,Male,56,2024-11-19,보은군
C0853,이재호,Female,19,2025-03-12,철원군
C0854,하현숙,Female,60,2023-04-08,영동군
C0855,이서준,Female,43,2023-05-05,서산시
C0856,박순자,Female,31,2025-08-14,진천군
C0857,박영숙,Male,20,2025-04-11,원주시
C0858,한미숙,Female,20,2025-06-19,성남시
C0859,박지영,Female,38,2025-03-15,의왕시
C0860,하서준,Male,22,2025-01-10,금산군
C0861,강도윤,Male,51,2024-09-09,서산시
C0862,김도윤,Male,46,2024-12-08,수원시 영통구
C0863,이정훈,Male,43,2024-06-04,수원시 장안구
C0864,이미경,Male,33,2023-11-07,성남시 수정구
C0865,박광수,Male,23,2023-10-01,용인시 기흥구
C0866,최보람,Male,29,2023-08-04,안산시 단원구
C0867,김은서,Female,16,2025-05-23,영동군
C0868,박영수,Male,48,2024-03-21,부천시 소사구
C0869,김하은,Male,63,2025-05-08,홍천군
C0870,차영호,Male,30,2024-09-25,성남시 분당구
C0871,윤정희,Male,47,2024-01-02,고성군
C0872,김지원,Male,64,2024-11-23,용인시
C0873,한보람,Male,36,2025-03-17,성남시 수정구
C0874,김영미,Female,48,2023-02-27,춘천시
C0875,이도현,Male,41,2024-12-01,동해시
C0876,권병철,Female,37,2024-04-23,양평군
C0877,노영수,Male,47,2024-12-14,수원시 팔달구
C0878,김하윤,Male,28,2022-12-18,고양시
C0879,김도윤,Female,34,2023-10-12,음성군
C0880,박지훈,Male,16,2025-03-02,공주시
C0881,이미경,Male,57,2023-05-27,양평군
C0882,서상철,Female,69,2025-01-24,평택시
C0883,이성수,Female,25,2024-07-01,의왕시
C0884,이성민,Male,67,2022-10-24,원주시
C0885,박동현,Female,48,2023-01-22,공주시
C0886,윤예진,Male,43,2023-02-24,부여군
C0887,최서연,Male,62,2024-02-12,남양주시
C0888,김재호,Male,61,2025-03-24,수원시 권선구
C0889,최영철,Male,59,2024-11-18,인제군
C0890,박현숙,Female,56,2025-01-17,괴산군
C0891,최정훈,Male,22,2023-12-16,천안시 동남구
C0892,배윤서,Male,24,2024-05-05,안양시
C0893,김유진,Female,28,2023-05-13,홍성군
C0894,이성민,Female,16,2024-05-21,오산시
C0895,박예준,Male,27,2024-12-30,성남시 중원구
C0896,고보람,Male,21,2023-06-26,부천시
C0897,주정수,Male,22,2023-10-05,횡성군
C0898,이민재,Female,29,2024-03-15,부천시
C0899,차지우,Female,69,2025-07-25,제천시
C0900,박정자,Male,47,2024-07-04,연천군
C0901,이옥자,Male,49,2023-08-27,평창군
C0902,장지현,Male,17,2025-04-20,공주시
C0903,이미경,Female,27,2024-01-19,홍천군
C0904,김은경,Female,52,2023-06-28,충주시
C0905,홍시우,Male,19,2023-11-13,고양시 일산동구
C0906,김민준,Female,15,2024-06-28,안양시 만안구
C0907,송혜진,Female,45,2023-10-01,고양시 덕양구
C0908,이정남,Male,65,2024-01-21,양구군
C0909,김채원,Female,49,2023-07-28,홍성군
C0910,문은정,Female,57,2023-12-06,부천시 오정구
C0911,조동현,Male,57,2024-09-04,용인시 기흥구
C0912,이정웅,Female,66,2023-10-26,광명시
C0913,김민석,Male,42,2024-05-14,용인시 기흥구
C0914,최정호,Female,37,2024-08-27,옥천군
C0915,김현정,Female,35,2024-01-22,군포시
C0916,오수빈,Male,16,2024-12-10,부여군
C0917,이정훈,Female,70,2025-02-26,고양시 덕양구
C0918,구은정,Female,41,2025-01-13,당진시
C0919,이정수,Female,48,2022-11-28,평택시
C0920,김지우,Male,50,2023-12-29,성남시 수정구
C0921,김지혜,Female,15,2023-10-29,양양군
C0922,류성진,Male,48,2023-08-08,안양시 동안구
C0923,박성수,Female,21,2024-02-10,청주시 서원구
C0924,박영미,Female,58,2025-07-04,용인시 처인구
C0925,박지후,Male,47,2025-10-14,안양시
C0926,하준영,Male,58,2025-07-28,평택시
C0927,유은주,Female,48,2023-07-25,예산군
C0928,정지원,Male,16,2024-07-31,양주시
C0929,구진우,Male,24,2023-05-04,논산시
C0930,송지아,Male,64,2025-08-25,공주시
C0931,배순자,Male,31,2023-10-12,서천군
C0932,김지후,Female,54,2023-10-30,홍천군
C0933,하정희,Male,70,2025-03-17,논산시
C0934,이현정,Male,51,2023-09-07,홍천군
C0935,오명자,Female,16,2024-01-15,청양군
C0936,김지후,Female,65,2022-11-09,계룡시
C0937,박예지,Female,30,2025-10-08,화성시
C0938,박미정,Female,66,2024-07-21,고양시
C0939,김종수,Male,51,2024-07-28,부천시 원미구
C0940,이영일,Male,54,2023-04-17,보령시
C0941,장성민,Male,67,2023-11-23,공주시
C0942,권주원,Male,29,2023-03-13,가평군
C0943,이준혁,Male,53,2025-06-12,연천군
C0944,이경숙,Male,54,2023-01-05,안양시 만안구
C0945,박준서,Female,54,2023-02-11,가평군
C0946,성민지,Male,36,2025-04-20,아산시
C0947,우도현,Female,43,2023-10-28,김포시
C0948,권수진,Male,52,2024-01-17,보령시
C0949,윤성민,Female,63,2023-12-24,예산군
C0950,김주원,Male,67,2024-09-27,아산시
C0951,박은경,Female,44,2024-05-26,부천시 오정구
C0952,김영환,Male,24,2023-11-08,단양군
C0953,윤정식,Female,43,2024-02-12,홍성군
C0954,강동현,Female,70,2025-01-06,청주시 청원구
C0955,김수진,Female,60,2023-09-20,고양시 덕양구
C0956,김영길,Male,64,2025-07-11,청주시 서원구
C0957,이서영,Female,48,2022-10-23,예산군
C0958,심성민,Female,49,2025-03-12,아산시
C0959,황서윤,Female,59,2024-08-06,부천시 소사구
C0960,안건우,Female,15,2025-06-01,서산시
C0961,윤영진,Male,17,2025-07-12,당진시
C0962,김경희,Female,43,2023-05-17,양평군
C0963,김성수,Male,46,2023-09-01,연천군
C0964,오상철,Male,41,2025-06-18,춘천시
C0965,양선영,Male,66,2022-11-02,고양시 덕양구
C0966,김미정,Female,66,2023-04-11,충주시
C0967,이정숙,Male,56,2024-02-14,포천시
C0968,권영환,Female,56,2024-04-11,안성시
C0969,장도윤,Female,66,2024-02-28,수원시 팔달구
C0970,장영일,Female,67,2025-09-24,원주시
C0971,노민수,Female,54,2024-07-05,진천군
C0972,김광수,Female,67,2025-03-28,남양주시
C0973,김은지,Male,38,2024-10-08,구리시
C0974,김민지,Female,47,2023-10-23,영월군
C0975,김지훈,Female,21,2025-03-04,서산시
C0976,서정훈,Male,61,2023-06-07,동해시
C0977,정재현,Female,58,2023-01-22,서산시
C0978,송영일,Male,52,2024-03-29,속초시
C0979,이정수,Female,64,2024-05-29,동해시
C0980,권영식,Male,47,2024-04-22,삼척시
C0981,김미영,Female,46,2023-01-22,아산시
C0982,홍지우,Female,15,2025-01-15,화성시
C0983,황준서,Female,28,2025-03-10,안산시 상록구
C0984,이지영,Female,50,2024-08-04,홍천군
C0985,장준서,Female,34,2023-01-28,수원시
C0986,류성수,Male,24,2025-04-21,청주시 흥덕구
C0987,박성수,Male,28,2023-02-18,수원시 장안구
C0988,차우진,Male,37,2025-10-16,홍성군
C0989,김승현,Female,20,2025-07-25,옥천군
C0990,김채원,Male,61,2025-01-23,청주시 청원구
C0991,이정수,Male,24,2025-05-08,화성시
C0992,김지훈,Female,55,2023-03-25,화성시
C0993,박지현,Female,50,2023-11-25,여주시
C0994,김상현,Male,27,2024-12-27,수원시 권선구
C0995,장선영,Male,50,2023-04-13,고양시 일산서구
C0996,김미영,Female,38,2023-08-14,수원시 장안구
C0997,서영숙,Female,34,2024-07-05,영월군
C0998,박보람,Female,68,2022-12-09,홍성군
C0999,박미경,Female,27,2025-08-27,안산시 상록구
C1000,김준영,Female,46,2025-09-02,양양군
C1001,김윤서,Female,21,2024-03-24,안양시
C1002,문정훈,Male,49,2025-01-24,평택시
C1003,오예은,Female,38,2025-08-03,양양군
C1004,강순자,Female,53,2024-12-17,용인시 수지구
C1005,김시우,Male,30,2023-07-22,부천시 소사구
C1006,구명자,Male,64,2023-06-06,양구군
C1007,김채원,Female,55,2023-05-14,안산시 상록구
C1008,박준호,Male,41,2025-09-14,원주시
C1009,이동현,Female,35,2024-10-25,여주시
C1010,김옥자,Male,37,2023-11-10,안산시 상록구
C1011,차동현,Female,60,2025-01-21,안산시 상록구
C1012,이현준,Male,38,2024-01-10,의정부시
C1013,김지원,Male,35,2023-11-16,당진시
C1014,김중수,Male,51,2025-06-13,고성군
C1015,이준서,Female,40,2024-11-28,음성군
C1016,김수빈,Male,33,2025-09-10,양평군
C1017,정정훈,Male,15,2024-01-06,가평군
C1018,김미정,Male,29,2024-05-08,군포시
C1019,한지영,Female,17,2024-01-10,인제군
C1020,이정웅,Female,61,2023-06-30,태안군
C1021,김영철,Male,15,2025-07-09,서천군
C1022,김예은,Male,67,2025-10-17,철원군
C1023,오현준,Female,61,2025-08-23,성남시 중원구
C1024,박은지,Male,39,2023-07-30,양주시
C1025,이상훈,Male,21,2024-08-22,아산시
C1026,김영일,Male,15,2022-12-17,원주시
C1027,이정남,Female,21,2023-08-09,철원군
C1028,최상철,Female,42,2025-07-06,양양군
C1029,손진호,Male,51,2022-11-22,고양시 일산동구
C1030,권지우,Male,56,2025-09-09,양주시
C1031,배서영,Female,42,2023-03-21,오산시
C1032,양영식,Male,16,2025-08-01,홍성군
C1033,황건우,Female,69,2024-03-21,평창군
C1034,김영수,Female,65,2024-12-29,부천시
C1035,조승민,Female,67,2024-05-19,고양시 덕양구
C1036,이영철,Male,59,2023-03-15,화성시
C1037,권영식,Female,34,2024-04-18,수원시 영통구
C1038,이정수,Male,55,2025-01-17,홍천군
C1039,박현지,Female,49,2024-04-11,천안시 서북구
C1040,강성민,Female,21,2024-05-25,연천군
C1041,김영숙,Female,25,2024-05-24,괴산군
C1042,최상현,Female,59,2023-11-02,횡성군
C1043,장지훈,Female,68,2023-05-31,안성시
C1044,서정수,Male,29,2023-08-30,옥천군
C1045,최은서,Male,69,2025-06-28,용인시 수지구
C1046,박동현,Male,61,2025-03-29,용인시
C1047,이은서,Male,65,2023-12-11,화천군
C1048,김수진,Female,49,2023-06-18,부여군
C1049,황미영,Male,17,2025-03-02,안산시 상록구
C1050,김시우,Female,67,2024-11-26,계룡시
C1051,노은지,Male,27,2025-06-17,철원군
C1052,김수민,Male,49,2022-11-16,옥천군
C1053,이서윤,Female,57,2024-06-26,양평군
C1054,민민석,Male,61,2025-03-05,용인시 수지구
C1055,성채원,Male,22,2024-11-30,예산군
C1056,이하윤,Female,49,2025-10-03,남양주시
C1057,이시우,Male,58,2025-02-24,파주시
C1058,배선영,Male,32,2024-01-20,아산시
C1059,강도윤,Female,29,2023-04-04,고양시
C1060,이경수,Male,40,2024-04-22,용인시 처인구
C1061,장경희,Male,18,2025-04-17,과천시
C1062,양성진,Male,45,2023-06-30,부여군
C1063,양영환,Female,32,2025-06-22,제천시
C1064,김성훈,Male,56,2024-06-12,청주시 흥덕구
C1065,김상훈,Male,51,2023-07-07,영월군
C1066,한아름,Female,20,2025-01-09,계룡시
C1067,이민수,Male,17,2023-11-27,원주시
C1068,김채원,Male,16,2025-09-19,양주시
C1069,김성훈,Male,66,2023-02-26,홍천군
C1070,오경자,Male,58,2023-05-09,단양군
C1071,김지원,Female,65,2025-03-10,용인시 처인구
C1072,한성호,Female,61,2024-04-22,안산시 상록구
C1073,이미숙,Male,45,2023-03-29,포천시
C1074,이수민,Female,51,2024-01-17,안성시
C1075,김영숙,Female,43,2025-06-24,청주시 청원구
C1076,김민서,Male,61,2023-04-29,안양시 만안구
C1077,박영진,Male,70,2025-08-07,용인시
C1078,최성훈,Female,40,2023-06-01,청주시 흥덕구
C1079,백준서,Male,43,2024-07-18,부천시 원미구
C1080,김은지,Female,59,2022-10-21,성남시 분당구
C1081,문순자,Female,31,2024-04-13,남양주시
C1082,이서영,Female,23,2024-10-01,파주시
C1083,김정순,Female,49,2024-05-24,포천시
C1084,이하윤,Male,15,2025-09-27,용인시
C1085,이정수,Female,37,2023-08-08,동두천시
C1086,서승민,Male,54,2025-07-26,공주시
C1087,하성호,Male,37,2024-11-10,속초시
C1088,이서현,Female,28,2025-03-20,광주시
C1089,김성호,Female,25,2023-12-14,부천시 원미구
C1090,임정호,Female,60,2025-01-04,논산시
C1091,손영미,Female,41,2023-02-17,용인시 처인구
C1092,김혜진,Male,33,2025-02-12,영동군
C1093,양옥순,Female,15,2023-11-22,광주시
C1094,박춘자,Male,51,2024-02-11,양주시
C1095,서영일,Female,24,2024-06-26,보령시
C1096,남상호,Female,62,2023-04-03,고성군
C1097,김순자,Male,28,2025-08-23,청주시 상당구
C1098,정수민,Female,15,2024-08-04,평창군
C1099,황주원,Male,60,2024-07-22,용인시 처인구
C1100,김영길,Female,31,2023-02-26,안양시 만안구
C1101,박명숙,Female,33,2024-10-06,옥천군
C1102,양정남,Female,54,2024-11-25,양구군
C1103,오숙자,Female,53,2025-07-24,당진시
C1104,안유진,Female,17,2025-01-30,부천시
C1105,김미숙,Male,42,2025-06-22,충주시
C1106,오은경,Male,61,2023-01-25,속초시
C1107,김주원,Female,47,2024-10-04,진천군
C1108,양은서,Female,69,2023-04-14,가평군
C1109,심수진,Female,50,2023-06-16,금산군
C1110,김영자,Female,29,2025-05-20,청주시 상당구
C1111,황지영,Female,32,2023-04-17,부천시 소사구
C1112,박순옥,Female,53,2024-02-27,안산시 상록구
C1113,박중수,Male,17,2022-11-10,동두천시
C1114,김상훈,Male,50,2023-11-15,당진시
C1115,김광수,Female,25,2024-09-03,청주시 상당구
C1116,강병철,Female,49,2024-11-08,제천시
C1117,배승민,Male,68,2024-09-19,성남시 수정구
C1118,오정남,Female,15,2024-04-01,서산시
C1119,윤옥순,Male,56,2025-09-07,태안군
C1120,오현우,Male,65,2024-09-15,화성시
C1121,박현숙,Female,16,2024-06-03,천안시 동남구
C1122,송정수,Male,40,2022-11-26,김포시
C1123,김순자,Female,16,2024-03-17,고양시 덕양구
C1124,장정숙,Female,32,2024-10-07,화성시
C1125,김광수,Male,27,2023-04-02,하남시
C1126,최성민,Female,61,2023-04-19,철원군
C1127,홍서연,Female,60,2024-11-22,태백시
C1128,박민재,Female,53,2023-09-09,광주시
C1129,이정식,Female,48,2024-04-27,수원시 장안구
C1130,이현숙,Female,26,2025-01-24,음성군
C1131,강지아,Female,21,2023-03-29,고양시
C1132,송준혁,Male,56,2023-08-03,평택시
C1133,이준혁,Female,21,2023-01-12,안양시 동안구
C1134,진준서,Female,69,2025-04-11,양양군
C1135,심미경,Female,44,2024-11-13,청주시 상당구
C1136,오성민,Female,21,2024-10-23,평창군
C1137,이영수,Male,49,2023-08-13,동두천시
C1138,박영자,Female,43,2023-04-03,수원시 권선구
C1139,김준서,Female,51,2024-12-14,속초시
C1140,허건우,Male,28,2024-07-25,수원시
C1141,최지은,Male,36,2023-08-21,공주시
C1142,김현주,Male,35,2023-03-30,삼척시
C1143,장진호,Male,48,2023-09-06,광주시
C1144,송예준,Male,16,2025-04-21,수원시 권선구
C1145,이정훈,Female,57,2022-12-17,수원시 팔달구
C1146,오명숙,Male,34,2025-02-06,철원군
C1147,심준혁,Male,31,2024-07-30,보은군
C1148,심은영,Male,65,2023-06-05,성남시 중원구
C1149,김승현,Male,22,2024-01-13,용인시
C1150,이민준,Male,22,2023-10-03,홍천군
C1151,최예원,Female,30,2023-11-29,부천시 소사구
C1152,김영진,Male,43,2023-03-11,서산시
C1153,박진호,Male,52,2025-08-23,청주시 상당구
C1154,김영희,Female,38,2024-06-26,하남시
C1155,이영수,Female,22,2025-10-11,의왕시
C1156,한지후,Female,55,2023-05-11,이천시
C1157,김영식,Female,46,2025-05-16,계룡시
C1158,이수진,Female,39,2025-03-24,부천시
C1159,한지훈,Female,26,2025-04-26,용인시 처인구
C1160,양상현,Male,46,2023-11-24,군포시
C1161,김정자,Male,37,2024-10-07,안양시 동안구
C1162,백경수,Male,19,2023-09-02,양평군
C1163,박정자,Female,38,2024-08-14,김포시
C1164,이진우,Male,15,2024-05-09,의정부시
C1165,황영호,Female,67,2022-12-10,용인시 수지구
C1166,김은지,Male,40,2023-03-01,청양군
C1167,김지민,Male,49,2025-03-11,부천시 소사구
C1168,강현준,Male,29,2023-04-09,원주시
C1169,황영미,Female,35,2024-08-17,용인시 수지구
C1170,장정식,Male,68,2023-10-22,광주시
C1171,정지현,Male,45,2024-05-24,안산시 상록구
C1172,오지은,Male,40,2024-01-26,서산시
C1173,최예진,Male,21,2023-05-03,안산시 단원구
C1174,김정숙,Male,46,2024-01-13,부천시
C1175,최지훈,Female,26,2023-10-20,용인시
C1176,이옥순,Female,37,2025-04-08,부천시
C1177,김정호,Male,35,2025-09-08,서산시
C1178,강은주,Female,67,2025-07-15,가평군
C1179,강순자,Male,44,2025-08-29,홍천군
C1180,김영수,Male,40,2023-12-22,동해시
C1181,박순옥,Male,35,2024-10-14,여주시
C1182,이지훈,Female,41,2024-05-25,구리시
C1183,문미정,Male,60,2023-07-16,제천시
C1184,윤현숙,Male,25,2024-07-07,청주시 흥덕구
C1185,김정희,Female,46,2024-02-10,춘천시
C1186,박영순,Female,18,2023-11-24,여주시
C1187,박현주,Female,45,2023-04-11,삼척시
C1188,박지은,Male,36,2024-03-14,철원군
C1189,최현정,Female,52,2023-01-21,성남시 중원구
C1190,강서연,Female,63,2025-07-08,평택시
C1191,박현준,Female,23,2025-10-03,보령시
C1192,김선영,Female,17,2025-04-19,포천시
C1193,이우진,Female,41,2024-01-31,태백시
C1194,이진호,Male,30,2024-04-13,태백시
C1195,김성호,Male,44,2024-07-18,연천군
C1196,오서연,Female,23,2024-11-17,충주시
C1197,송성훈,Male,55,2024-08-29,김포시
C1198,박춘자,Male,34,2025-02-17,예산군
C1199,김정호,Male,29,2023-04-26,고양시
C1200,차주원,Female,49,2025-03-12,성남시 중원구
C1201,박현정,Male,63,2025-10-16,안양시 동안구
C1202,김지연,Male,22,2025-05-03,철원군
C1203,백현준,Male,62,2024-03-26,동두천시
C1204,김민준,Female,62,2025-07-27,고양시
C1205,장상훈,Male,54,2023-10-07,부천시
C1206,곽춘자,Female,61,2023-01-17,부여군
C1207,유지은,Male,15,2023-01-09,부천시 오정구
C1208,김서현,Female,23,2025-03-24,군포시
C1209,전지아,Female,64,2025-07-08,정선군
C1210,이병철,Male,52,2025-10-12,화천군
C1211,최영식,Male,66,2024-08-21,성남시
C1212,민도현,Female,63,2023-07-17,삼척시
C1213,박민수,Female,36,2025-07-24,고양시 일산서구
C1214,조성훈,Male,41,2024-01-26,수원시 영통구
C1215,송영숙,Female,69,2024-06-16,부천시 오정구
C1216,이명숙,Male,53,2023-11-22,횡성군
C1217,김옥순,Female,34,2025-07-19,성남시 분당구
C1218,백서현,Male,35,2025-03-24,부천시
C1219,박미정,Male,24,2023-03-03,예산군
C1220,황예준,Male,36,2024-05-07,부천시
C1221,구정웅,Female,51,2024-08-24,청주시 상당구
C1222,구지혜,Male,45,2025-04-13,군포시
C1223,최지아,Male,17,2025-05-03,청주시 청원구
C1224,이미영,Male,49,2024-12-16,증평군
C1225,권우진,Female,63,2024-12-17,의왕시
C1226,강지우,Female,70,2024-03-13,강릉시
C1227,남춘자,Female,30,2025-10-06,성남시 중원구
C1228,이하은,Female,27,2024-01-31,충주시
C1229,김현숙,Female,69,2024-02-29,안산시 상록구
C1230,김준영,Female,42,2023-05-25,시흥시
C1231,이승민,Male,55,2024-01-22,안양시 동안구
C1232,김정수,Female,42,2025-01-25,이천시
C1233,최정희,Male,15,2024-11-04,강릉시
C1234,이순자,Female,15,2025-10-08,양구군
C1235,최경수,Female,68,2023-07-11,과천시
C1236,최민서,Male,24,2024-07-05,고양시 일산동구
C1237,박은영,Male,68,2024-05-10,하남시
C1238,문영진,Male,51,2023-05-14,오산시
C1239,이영진,Male,36,2023-05-10,고성군
C1240,박민수,Male,70,2025-07-16,부천시 오정구
C1241,구현주,Male,58,2024-11-17,강릉시
C1242,박재호,Female,21,2023-03-08,용인시 수지구
C1243,이지혜,Female,33,2023-05-09,성남시
C1244,서명자,Male,35,2025-03-25,평택시
C1245,이예준,Male,40,2025-07-10,수원시 장안구
C1246,장서연,Female,64,2023-02-19,용인시 처인구
C1247,배은지,Female,27,2024-09-10,보은군
C1248,김은서,Female,49,2023-08-08,강릉시
C1249,강영식,Male,53,2024-02-04,용인시 기흥구
C1250,장정남,Female,60,2022-10-31,성남시 수정구
C1251,서지아,Female,49,2023-06-05,춘천시
C1252,김아름,Male,53,2024-11-19,수원시 팔달구
C1253,이옥자,Male,19,2023-08-06,서산시
C1254,최현주,Male,59,2023-10-16,수원시 장안구
C1255,장서준,Male,25,2025-01-07,영월군
C1256,문하은,Male,68,2025-09-17,공주시
C1257,이시우,Male,67,2023-01-09,영월군
C1258,지예준,Male,40,2023-12-04,수원시 팔달구
C1259,노건우,Male,69,2023-09-21,의정부시
C1260,송영숙,Male,38,2023-11-13,청주시 흥덕구
C1261,최진호,Female,37,2025-04-29,남양주시
C1262,안민준,Male,55,2023-10-28,용인시 처인구
C1263,김상호,Female,33,2025-08-07,정선군
C1264,박유진,Male,19,2022-12-14,서천군
C1265,윤민수,Male,58,2022-11-20,구리시
C1266,고영자,Male,66,2025-01-12,고양시 덕양구
C1267,최지민,Female,33,2024-10-01,안산시
C1268,허진호,Female,28,2024-08-26,논산시
C1269,신수빈,Female,29,2024-03-17,수원시 영통구
C1270,강경희,Female,35,2025-08-20,금산군
C1271,구예준,Male,46,2024-10-25,춘천시
C1272,장민서,Male,23,2024-03-17,의왕시
C1273,이주원,Male,43,2022-10-28,오산시
C1274,김경수,Female,28,2024-11-30,고성군
C1275,이영호,Female,22,2025-05-01,광주시
C1276,배영수,Female,69,2023-12-26,홍성군
C1277,박영길,Male,69,2025-08-31,가평군
C1278,이아름,Male,34,2024-04-02,고양시 일산서구
C1279,박도현,Male,46,2024-03-05,안산시
C1280,김은경,Male,37,2024-05-03,태백시
C1281,이옥순,Male,17,2024-02-17,포천시
C1282,백동현,Male,46,2022-11-02,아산시
C1283,김광수,Male,30,2024-01-08,군포시
C1284,권도현,Female,45,2023-08-16,서천군
C1285,김선영,Male,23,2023-05-20,음성군
C1286,김재호,Male,69,2023-04-20,평창군
C1287,한순옥,Female,36,2023-03-01,보령시
C1288,홍순옥,Female,26,2023-11-15,화천군
C1289,이숙자,Male,48,2024-02-16,양구군
C1290,김미정,Male,64,2023-02-26,철원군
C1291,김광수,Female,29,2022-11-03,화성시
C1292,하예은,Male,62,2025-07-28,보령시
C1293,김춘자,Female,69,2023-07-12,괴산군
C1294,주수빈,Male,69,2025-01-29,당진시
C1295,김은경,Female,27,2025-05-22,연천군
C1296,김경숙,Male,69,2025-06-13,보은군
C1297,김정호,Female,34,2024-01-18,수원시 팔달구
C1298,오경수,Female,16,2024-06-03,수원시 팔달구
C1299,안현숙,Female,65,2025-06-30,충주시
C1300,김민지,Female,16,2024-05-20,천안시 서북구
C1301,박민재,Female,65,2024-01-19,청주시 상당구
C1302,윤영일,Male,43,2023-06-24,태안군
C1303,한미숙,Male,38,2022-11-22,부천시
C1304,황정숙,Female,25,2024-09-08,청주시 서원구
C1305,박경수,Female,57,2024-06-27,증평군
C1306,송수민,Male,48,2025-03-30,보령시
C1307,김선영,Male,38,2024-02-26,광명시
C1308,이지현,Male,67,2024-04-25,수원시 영통구
C1309,윤현숙,Female,45,2024-04-10,성남시
C1310,서춘자,Female,68,2023-05-08,괴산군
C1311,장상현,Male,41,2024-02-11,양평군
C1312,황경숙,Male,50,2025-07-05,인제군
C1313,서정희,Male,69,2023-05-08,인제군
C1314,이지훈,Male,61,2024-03-23,태안군
C1315,김숙자,Male,20,2023-07-26,예산군
C1316,강순옥,Female,55,2023-09-01,하남시
C1317,서성수,Female,55,2024-04-16,하남시
C1318,손유진,Male,50,2023-08-31,여주시
C1319,문성민,Female,23,2025-02-07,괴산군
C1320,김영길,Male,31,2023-09-20,안양시 만안구
C1321,김서영,Female,70,2024-06-19,계룡시
C1322,이경희,Male,23,2025-06-25,동해시
C1323,조재현,Female,53,2025-05-19,용인시 수지구
C1324,김병철,Female,29,2024-09-06,오산시
C1325,김준호,Male,49,2025-03-16,인제군
C1326,김선영,Male,27,2025-06-01,고양시 일산동구
C1327,윤민석,Male,27,2023-11-30,남양주시
C1328,최진우,Female,65,2022-12-31,성남시 분당구
C1329,양정호,Male,24,2022-12-15,여주시
C1330,심도현,Male,42,2024-04-08,광명시
C1331,안준서,Male,49,2025-03-20,보령시
C1332,김지은,Female,42,2024-04-11,용인시 수지구
C1333,황진우,Male,67,2023-09-28,안양시 만안구
C1334,민재현,Female,26,2024-08-01,용인시 처인구
C1335,하시우,Female,39,2024-06-17,진천군
C1336,송정자,Male,49,2023-10-01,당진시
C1337,김영순,Male,42,2023-05-28,고성군
C1338,김성훈,Male,17,2024-01-06,수원시
C1339,장영일,Female,34,2024-02-02,부여군
C1340,박예지,Female,64,2023-06-05,부천시 오정구
C1341,권민재,Female,17,2023-07-08,양구군
C1342,이주원,Male,35,2024-10-22,당진시
C1343,김지은,Female,69,2024-08-18,부여군
C1344,배선영,Male,41,2024-08-04,구리시
C1345,정정남,Male,21,2023-12-26,동두천시
C1346,양수빈,Male,31,2023-03-07,안성시
C1347,이미정,Female,25,2025-06-10,천안시 서북구
C1348,김채원,Male,59,2025-09-03,안성시
C1349,손현준,Female,45,2024-07-26,안산시
C1350,이영환,Female,35,2025-10-09,동두천시
C1351,오영미,Female,70,2024-01-30,공주시
C1352,박서영,Male,29,2023-03-10,천안시 동남구
C1353,김정호,Male,64,2022-10-30,철원군
C1354,최우진,Male,16,2025-05-11,부천시
C1355,박지우,Male,56,2023-08-17,평택시
C1356,김예은,Male,65,2023-11-27,포천시
C1357,김현지,Male,35,2023-05-24,삼척시
C1358,서순옥,Male,45,2022-12-03,용인시 처인구
C1359,김재호,Male,16,2025-09-02,원주시
C1360,박순자,Female,70,2025-08-15,성남시
C1361,김정자,Male,46,2025-02-14,김포시
C1362,고영길,Male,65,2025-02-08,안양시
C1363,문재현,Female,50,2024-08-10,군포시
C1364,박영희,Female,43,2023-10-22,서천군
C1365,구하은,Female,28,2023-11-24,과천시
C1366,김은정,Female,47,2025-01-13,철원군
C1367,한순자,Female,39,2023-01-23,군포시
C1368,이현주,Male,42,2023-07-05,의정부시
C1369,오진호,Male,29,2024-04-15,광명시
C1370,이지우,Male,15,2024-07-28,태안군
C1371,김성현,Male,59,2025-08-19,제천시
C1372,박예진,Male,67,2024-09-04,고양시 덕양구
C1373,이현지,Male,56,2024-12-22,춘천시
C1374,오상현,Female,37,2022-10-25,증평군
C1375,김시우,Male,22,2024-07-07,강릉시
C1376,이주원,Male,67,2024-03-09,부여군
C1377,이은영,Male,57,2025-03-27,안산시 단원구
C1378,문영수,Male,55,2023-10-11,부천시 오정구
C1379,김상호,Female,63,2025-04-22,파주시
C1380,이아름,Male,20,2024-06-27,용인시 처인구
C1381,이은영,Female,23,2023-05-27,성남시 분당구
C1382,홍윤서,Male,18,2024-05-07,수원시 팔달구
C1383,김순자,Female,69,2025-02-08,청양군
C1384,박미숙,Female,46,2025-09-02,과천시
C1385,박현숙,Female,44,2025-10-06,안양시 동안구
C1386,박영순,Male,35,2025-07-09,고양시 일산동구
C1387,양성진,Female,58,2024-07-22,양주시
C1388,최영호,Male,49,2024-06-20,양주시
C1389,윤수빈,Male,53,2024-04-02,성남시 수정구
C1390,박시우,Male,32,2024-07-21,수원시 팔달구
C1391,이영호,Male,36,2024-01-08,태백시
C1392,조주원,Female,54,2023-03-11,수원시 권선구
C1393,최병철,Female,35,2025-06-16,청주시 흥덕구
C1394,황민재,Male,55,2023-05-31,춘천시
C1395,김예은,Male,37,2024-11-06,용인시 처인구
C1396,최선영,Male,60,2024-02-10,증평군
C1397,구혜진,Male,58,2025-10-17,용인시 처인구
C1398,고재호,Female,55,2025-10-14,과천시
C1399,최숙자,Male,23,2023-04-05,계룡시
C1400,박예은,Male,21,2024-03-05,청주시 상당구
C1401,김병철,Male,55,2024-12-14,군포시
C1402,김재호,Female,40,2023-06-01,동해시
C1403,황예지,Male,43,2023-07-12,속초시
C1404,김유진,Male,49,2025-02-01,서산시
C1405,하상호,Male,52,2024-10-26,용인시 처인구
C1406,황주원,Female,22,2023-01-05,부천시 오정구
C1407,김미정,Male,27,2024-10-30,논산시
C1408,박도윤,Male,21,2023-12-07,홍성군
C1409,이지우,Male,47,2024-08-17,성남시 중원구
C1410,김영철,Female,45,2023-01-17,진천군
C1411,김정자,Female,38,2023-03-14,공주시
C1412,장영미,Female,33,2023-11-26,평택시
C1413,백영수,Male,41,2025-09-10,오산시
C1414,김은영,Male,25,2025-06-18,남양주시
C1415,김미숙,Male,64,2023-04-18,철원군
C1416,박중수,Male,25,2024-09-29,원주시
C1417,김시우,Male,28,2023-07-29,철원군
C1418,문은영,Male,64,2024-10-20,양주시
C1419,황영환,Male,17,2024-09-02,수원시 영통구
C1420,이미영,Male,48,2023-03-06,음성군
C1421,권지영,Female,68,2022-11-03,청주시 서원구
C1422,이은지,Male,31,2022-11-01,부여군
C1423,이성민,Male,63,2025-04-11,화성시
C1424,박영환,Male,50,2024-09-22,철원군
C1425,박성진,Male,65,2024-07-24,과천시
C1426,이예은,Female,31,2024-03-09,충주시
C1427,박지원,Male,69,2025-08-13,연천군
C1428,김재현,Female,41,2023-06-18,계룡시
C1429,윤옥순,Male,35,2023-04-10,부천시 오정구
C1430,이정자,Female,34,2023-12-06,춘천시
C1431,송현정,Female,45,2023-03-14,고양시
C1432,이지은,Male,53,2023-07-05,증평군
C1433,김정호,Female,66,2024-05-25,강릉시
C1434,안종수,Female,50,2025-02-24,춘천시
C1435,홍서영,Female,45,2024-06-02,단양군
C1436,황정자,Male,25,2022-12-02,청주시 상당구
C1437,황영자,Female,58,2023-11-13,남양주시
C1438,송도현,Male,62,2022-11-21,안산시 상록구
C1439,박광수,Female,58,2024-01-27,과천시
C1440,김미영,Male,41,2023-06-25,남양주시
C1441,이영미,Male,61,2024-03-29,태백시
C1442,문건우,Male,25,2023-04-24,괴산군
C1443,송영일,Female,54,2023-05-06,금산군
C1444,장진호,Male,52,2025-03-17,증평군
C1445,이준영,Male,52,2023-03-07,김포시
C1446,이상철,Male,48,2024-01-25,화성시
C1447,김정희,Female,23,2025-07-24,부천시 소사구
C1448,김서윤,Female,24,2024-12-02,공주시
C1449,허경자,Male,56,2023-10-08,화성시
C1450,백영환,Male,40,2025-02-22,성남시
C1451,권우진,Male,41,2024-08-27,보령시
C1452,최정순,Male,21,2022-11-30,단양군
C1453,송재현,Female,29,2023-02-26,속초시
C1454,강종수,Female,61,2025-04-01,홍성군
C1455,이영식,Female,61,2023-02-07,양주시
C1456,윤지현,Female,31,2022-11-03,화천군
C1457,고재호,Female,30,2025-05-30,김포시
C1458,황서연,Male,19,2024-08-05,안산시
C1459,박정호,Male,30,2024-01-24,고양시 일산동구
C1460,박지현,Male,17,2024-11-07,강릉시
C1461,이정훈,Female,23,2024-12-01,성남시 분당구
C1462,이주원,Female,39,2023-12-05,홍성군
C1463,차영자,Female,64,2024-09-09,포천시
C1464,김서연,Female,45,2023-05-29,서산시
C1465,김미경,Female,20,2023-11-06,광주시
C1466,권은경,Female,60,2024-03-26,수원시 장안구
C1467,김지아,Male,57,2024-07-06,강릉시
C1468,이성수,Male,51,2024-05-13,안성시
C1469,최민석,Female,66,2022-11-09,안성시
C1470,박현우,Male,23,2024-06-22,부천시
C1471,이정숙,Female,17,2025-02-24,고양시 일산동구
C1472,고성진,Male,30,2025-01-14,청양군
C1473,최준혁,Male,46,2025-09-25,춘천시
C1474,김수빈,Male,19,2023-11-26,청양군
C1475,안하윤,Male,38,2024-03-19,천안시 서북구
C1476,장유진,Male,57,2024-10-15,인제군
C1477,김성수,Male,41,2023-02-21,음성군
C1478,이옥순,Female,51,2025-02-22,청주시 청원구
C1479,이도윤,Female,30,2023-12-22,안양시
C1480,김영자,Female,55,2023-03-18,안산시 상록구
C1481,안은정,Male,53,2025-06-07,청주시 청원구
C1482,이경수,Female,28,2025-04-18,태안군
C1483,홍우진,Female,62,2023-01-07,천안시 동남구
C1484,홍영숙,Male,70,2024-05-23,철원군
C1485,진정식,Male,37,2024-06-04,화성시
C1486,이미정,Male,39,2024-02-10,의정부시
C1487,박정식,Female,21,2025-08-10,안성시
C1488,박은주,Female,53,2025-02-27,양양군
C1489,양미영,Male,44,2023-12-27,연천군
C1490,이지훈,Male,64,2023-09-07,용인시 처인구
C1491,박지현,Female,40,2024-02-03,청주시 흥덕구
C1492,김은주,Male,50,2025-05-08,여주시
C1493,이춘자,Male,56,2022-12-10,인제군
C1494,이민수,Male,38,2024-02-01,성남시
C1495,이정남,Female,28,2023-11-12,수원시 장안구
C1496,김정희,Female,44,2022-12-01,보령시
C1497,임지은,Female,46,2025-04-10,부천시 오정구
C1498,황민서,Female,68,2023-04-22,양평군
C1499,이주원,Female,26,2022-10-19,안산시 상록구
C1500,안지현,Female,15,2025-08-19,양평군
C1501,김민준,Female,68,2023-02-15,파주시
C1502,박예진,Female,34,2024-12-29,공주시
C1503,양지우,Male,59,2023-02-01,청양군
C1504,김예은,Female,35,2025-06-08,진천군
C1505,박경희,Female,49,2024-11-15,제천시
C1506,김건우,Female,51,2024-02-28,구리시
C1507,최정수,Male,19,2025-06-24,용인시 수지구
C1508,김정식,Female,19,2022-10-20,고성군
C1509,진지영,Male,41,2023-10-12,가평군
C1510,김지훈,Male,17,2024-03-16,진천군
C1511,류은주,Male,61,2023-02-22,남양주시
C1512,김현우,Female,38,2022-10-20,안양시 만안구
C1513,배하은,Male,47,2022-11-12,보령시
C1514,김정식,Female,56,2024-07-07,화천군
C1515,박상철,Male,28,2025-09-19,성남시 중원구
C1516,류민준,Female,23,2024-04-25,연천군
C1517,박성현,Female,41,2023-10-16,진천군
C1518,민준서,Male,22,2023-09-30,김포시
C1519,김재현,Female,69,2025-10-12,양양군
C1520,남유진,Female,48,2023-07-18,춘천시
C1521,강지훈,Female,17,2025-02-25,안산시 단원구
C1522,김예원,Male,39,2023-07-17,천안시 서북구
C1523,황병철,Female,41,2023-11-19,옥천군
C1524,박정호,Male,64,2024-12-23,보령시
C1525,송지우,Female,66,2024-08-29,논산시
C1526,장준혁,Female,26,2022-10-31,태백시
C1527,김지혜,Female,70,2025-05-21,금산군
C1528,남지아,Male,20,2024-05-30,성남시 수정구
C1529,주서준,Male,16,2025-06-30,태안군
C1530,윤우진,Female,48,2023-04-17,수원시 권선구
C1531,윤상현,Female,32,2023-10-29,안산시
C1532,김옥자,Male,61,2024-08-12,옥천군
C1533,이지은,Female,44,2024-10-13,부천시 오정구
C1534,김정웅,Male,50,2025-05-25,용인시 처인구
C1535,이예지,Female,57,2023-03-25,동해시
C1536,최영환,Female,58,2023-02-12,포천시
C1537,김영일,Female,16,2024-11-19,옥천군
C1538,김경숙,Male,42,2025-06-07,괴산군
C1539,이서연,Male,48,2024-02-20,괴산군
C1540,안영진,Male,31,2023-03-10,고양시 덕양구
C1541,이정훈,Male,57,2023-07-27,부여군
C1542,김상철,Male,17,2024-10-31,정선군
C1543,손순옥,Female,47,2023-10-01,연천군
C1544,이은경,Female,44,2022-11-01,동해시
C1545,구정호,Male,41,2024-06-15,수원시 팔달구
C1546,배영희,Female,46,2024-03-16,충주시
C1547,임성훈,Male,50,2024-05-11,금산군
C1548,최은영,Female,26,2025-03-01,용인시 기흥구
C1549,이보람,Male,54,2023-01-24,구리시
C1550,차민준,Female,18,2024-01-18,고양시 덕양구
C1551,김상호,Female,58,2024-05-29,수원시 영통구
C1552,윤도현,Male,34,2024-04-22,연천군
C1553,이수빈,Male,26,2023-05-12,안산시
C1554,장정희,Female,43,2023-01-20,고양시 일산서구
C1555,이예은,Female,60,2024-06-07,진천군
C1556,고유진,Female,35,2023-02-05,춘천시
C1557,김성훈,Male,20,2025-01-26,보령시
C1558,이승민,Female,17,2023-07-23,여주시
C1559,박성현,Male,54,2022-12-27,성남시 분당구
C1560,이옥순,Female,41,2024-05-04,양평군
C1561,이진호,Male,55,2025-09-21,양주시
C1562,김수민,Male,52,2023-09-29,파주시
C1563,조수민,Male,36,2023-01-25,파주시
C1564,한현지,Male,53,2023-02-13,고양시
C1565,김준호,Male,45,2025-04-03,음성군
C1566,박은주,Male,63,2024-10-08,청주시 청원구
C1567,김영환,Female,46,2023-04-26,김포시
C1568,김민수,Female,33,2025-03-08,양평군
C1569,주미정,Male,18,2025-05-28,춘천시
C1570,이보람,Female,43,2025-03-27,동해시
C1571,손지현,Male,28,2023-07-28,영월군
C1572,나은경,Male,37,2023-08-08,성남시 중원구
C1573,김옥순,Male,35,2024-04-27,공주시
C1574,유정순,Male,69,2023-06-11,고양시
C1575,강지훈,Female,45,2024-09-15,괴산군
C1576,김성호,Female,50,2022-11-12,고양시 일산서구
C1577,장광수,Male,58,2024-07-12,포천시
C1578,이경희,Male,59,2024-07-10,안양시 동안구
C1579,이정훈,Male,46,2024-12-30,보령시
C1580,김정순,Male,69,2024-04-19,고성군
C1581,김상호,Male,44,2024-12-04,보령시
C1582,한중수,Female,61,2023-10-08,청주시 서원구
C1583,이정남,Female,42,2023-03-11,양구군
C1584,이재현,Male,21,2023-05-19,홍성군
C1585,김지아,Male,15,2024-10-07,화성시
C1586,이숙자,Female,33,2023-07-28,홍천군
C1587,박현주,Male,53,2023-09-21,파주시
C1588,황예원,Male,27,2023-07-21,안산시 상록구
C1589,김보람,Female,28,2025-04-17,아산시
C1590,노지민,Female,15,2025-06-24,충주시
C1591,박옥자,Female,57,2025-03-29,수원시
C1592,조순자,Female,62,2025-10-10,천안시 서북구
C1593,김진호,Male,50,2024-07-29,평택시
C1594,이승민,Male,49,2024-07-16,광주시
C1595,윤성훈,Male,28,2024-07-15,군포시
C1596,이명자,Female,60,2024-07-12,성남시 수정구
C1597,박미경,Male,26,2023-01-11,파주시
C1598,이준영,Male,33,2024-02-06,천안시 동남구
C1599,김미숙,Female,70,2024-10-22,증평군
C1600,서서영,Male,20,2024-09-06,성남시 수정구
C1601,이경자,Male,62,2023-10-31,오산시
C1602,김재현,Male,34,2023-05-06,부천시 오정구
C1603,홍영미,Male,64,2023-10-26,춘천시
C1604,류지아,Male,17,2025-07-11,부천시 원미구
C1605,김순옥,Male,19,2023-09-12,보은군
C1606,윤윤서,Male,55,2025-01-08,횡성군
C1607,김광수,Female,33,2025-03-03,남양주시
C1608,김영미,Male,56,2024-02-25,고양시 덕양구
C1609,양서연,Female,50,2025-06-14,성남시
C1610,이정자,Male,24,2024-03-31,공주시
C1611,장혜진,Female,59,2023-08-27,홍성군
C1612,이민준,Female,20,2024-11-24,동두천시
C1613,성재호,Female,51,2025-07-23,광주시
C1614,이수민,Male,55,2025-10-05,계룡시
C1615,권예진,Female,19,2023-06-13,서천군
C1616,이영숙,Male,57,2024-03-18,시흥시
C1617,김현숙,Male,47,2025-08-30,서천군
C1618,배수민,Female,69,2024-09-22,광명시
C1619,박지후,Male,31,2023-06-03,과천시
C1620,김현숙,Male,46,2024-10-24,부천시
C1621,강영길,Male,17,2024-11-20,괴산군
C1622,한영수,Male,41,2025-08-23,광명시
C1623,김성민,Female,62,2022-10-28,이천시
C1624,장동현,Female,29,2022-11-09,평택시
C1625,김민서,Female,43,2025-09-18,양평군
C1626,김성민,Female,35,2025-09-01,연천군
C1627,양상호,Female,57,2023-11-18,철원군
C1628,장영환,Female,24,2024-03-13,김포시
C1629,황서영,Female,60,2024-07-07,안산시
C1630,홍건우,Female,52,2024-10-29,포천시
C1631,한정남,Male,41,2023-02-23,파주시
C1632,이현지,Female,61,2024-01-09,단양군
C1633,하종수,Female,36,2024-05-21,청양군
C1634,장은정,Female,32,2024-03-19,광명시
C1635,엄옥순,Female,62,2024-07-27,고양시 덕양구
C1636,권상호,Male,44,2025-04-15,안양시 동안구
C1637,백서영,Male,25,2023-09-18,부천시 원미구
C1638,김정희,Female,40,2025-09-06,하남시
C1639,오도현,Female,20,2023-07-06,보은군
C1640,안종수,Male,62,2022-11-08,음성군
C1641,최춘자,Male,68,2023-06-21,횡성군
C1642,윤주원,Male,38,2025-06-08,안산시
C1643,이현정,Male,46,2025-05-29,포천시
C1644,이옥순,Male,68,2023-04-28,부여군
C1645,박영수,Female,23,2025-09-10,안성시
C1646,오현주,Female,67,2023-12-01,속초시
C1647,박현주,Female,45,2024-01-23,수원시 권선구
C1648,김준호,Female,23,2025-04-22,가평군
C1649,최영희,Female,50,2022-12-29,남양주시
C1650,문현우,Female,30,2022-10-31,의정부시
C1651,박예진,Male,51,2023-07-29,광명시
C1652,박준영,Female,51,2024-10-10,보은군
C1653,김유진,Male,40,2023-12-11,천안시 동남구
C1654,한은정,Male,57,2023-03-06,청주시 상당구
C1655,이은지,Female,66,2024-10-31,오산시
C1656,김서연,Female,70,2024-01-03,논산시
C1657,김준호,Male,44,2023-03-01,포천시
C1658,김현주,Female,55,2025-01-08,천안시 동남구
C1659,송정훈,Male,40,2024-05-08,안산시 단원구
C1660,윤도현,Male,53,2025-08-10,금산군
C1661,김유진,Female,41,2023-04-24,오산시
C1662,김광수,Female,23,2025-07-03,김포시
C1663,박지후,Female,28,2024-12-21,아산시
C1664,박영환,Female,53,2023-09-10,청주시 상당구
C1665,이종수,Male,67,2023-12-24,의정부시
C1666,김영일,Female,43,2025-03-26,아산시
C1667,남경수,Female,62,2024-02-22,강릉시
C1668,안선영,Female,31,2023-03-31,계룡시
C1669,이성훈,Male,28,2024-11-01,광명시
C1670,한민서,Female,68,2022-12-26,아산시
C1671,송수민,Female,63,2024-01-22,청양군
C1672,이성진,Male,63,2024-04-19,청주시 청원구
C1673,이현지,Female,66,2023-06-18,영월군
C1674,이영희,Female,37,2023-10-01,성남시 분당구
C1675,김유진,Female,20,2023-03-12,고양시 일산서구
C1676,진현정,Female,46,2023-06-05,용인시 수지구
C1677,김서준,Female,36,2023-09-03,단양군
C1678,양정훈,Male,56,2024-07-27,수원시
C1679,김서준,Male,43,2024-11-29,안산시 단원구
C1680,우준혁,Male,52,2022-12-31,구리시
C1681,김광수,Male,27,2025-02-23,횡성군
C1682,권은영,Male,70,2023-03-15,평창군
C1683,고준서,Male,44,2024-01-05,태백시
C1684,김진호,Female,45,2025-08-28,양주시
C1685,허정희,Female,54,2025-06-10,구리시
C1686,김경숙,Female,46,2025-08-08,천안시 서북구
C1687,이영희,Female,23,2024-02-22,연천군
C1688,김성호,Female,41,2024-06-07,연천군
C1689,배민재,Male,36,2023-12-25,증평군
C1690,김수빈,Female,28,2025-04-27,수원시 장안구
C1691,김현지,Female,62,2025-04-25,영월군
C1692,이지현,Male,68,2025-04-09,충주시
C1693,김정희,Male,61,2024-06-24,남양주시
C1694,김하은,Female,34,2025-08-16,평창군
C1695,이영철,Female,69,2025-06-29,보은군
C1696,최은영,Male,51,2024-02-10,안양시
C1697,성정식,Female,22,2025-02-05,평택시
C1698,민진호,Male,51,2022-12-06,보은군
C1699,이혜진,Male,37,2024-11-08,홍성군
C1700,윤채원,Male,22,2023-02-13,진천군
C1701,노예은,Female,61,2022-11-22,음성군
C1702,안은영,Female,32,2025-05-26,논산시
C1703,김정웅,Female,54,2025-05-01,안산시
C1704,황지혜,Female,51,2023-07-07,보은군
C1705,장지민,Male,60,2024-04-21,연천군
C1706,김건우,Female,19,2024-10-29,청양군
C1707,김민서,Female,36,2023-12-27,충주시
C1708,고예은,Female,54,2023-07-04,횡성군
C1709,이중수,Male,43,2025-02-16,시흥시
C1710,이명자,Female,45,2024-04-24,평창군
C1711,최성진,Male,28,2025-07-22,괴산군
C1712,김숙자,Female,29,2023-04-02,고양시 일산동구
C1713,김정호,Male,28,2022-12-04,포천시
C1714,서영진,Male,36,2022-11-25,공주시
C1715,최영일,Male,16,2023-12-11,인제군
C1716,민보람,Female,56,2024-08-27,제천시
C1717,김은서,Female,19,2022-10-21,양구군
C1718,고광수,Male,65,2023-01-23,천안시 서북구
C1719,지승민,Female,21,2025-04-25,괴산군
C1720,이은경,Female,68,2023-09-16,평창군
C1721,오은지,Male,21,2023-09-06,강릉시
C1722,김현주,Male,26,2023-01-11,부천시 오정구
C1723,박상호,Male,53,2025-03-24,안산시 단원구
C1724,김경숙,Female,46,2024-04-24,영동군
C1725,주정호,Female,56,2023-12-21,괴산군
C1726,김현우,Female,63,2024-10-20,의정부시
C1727,오준호,Male,63,2023-12-22,포천시
C1728,이미경,Female,36,2022-11-07,당진시
C1729,김은정,Male,49,2025-06-06,광명시
C1730,한영희,Male,59,2023-06-26,하남시
C1731,서현주,Female,61,2025-03-17,안양시 동안구
C1732,이미영,Male,38,2024-09-19,단양군
C1733,이정호,Female,50,2023-07-25,고양시 덕양구
C1734,박민서,Female,60,2022-12-26,안산시 단원구
C1735,김민준,Female,19,2024-02-25,제천시
C1736,김승현,Male,38,2024-08-04,이천시
C1737,김도현,Male,44,2025-10-10,의정부시
C1738,최춘자,Female,30,2023-05-04,태안군
C1739,김영진,Female,32,2023-04-19,아산시
C1740,박춘자,Male,35,2023-12-03,포천시
C1741,배영길,Female,17,2025-10-09,용인시 처인구
C1742,김정호,Female,70,2023-11-29,인제군
C1743,이정남,Male,43,2023-08-23,영월군
C1744,이예준,Female,26,2025-03-15,청양군
C1745,김성수,Female,44,2022-12-06,태백시
C1746,서성현,Male,51,2022-11-05,인제군
C1747,유재호,Female,31,2025-08-19,단양군
C1748,이준혁,Male,19,2025-04-09,원주시
C1749,이정숙,Female,41,2025-05-25,의정부시
C1750,최정수,Female,66,2023-06-02,부여군
C1751,김민수,Male,21,2025-04-24,남양주시
C1752,김영일,Female,60,2023-10-24,서산시
C1753,김성민,Female,19,2024-11-11,철원군
C1754,한지민,Male,48,2024-10-29,과천시
C1755,이준서,Female,16,2025-07-31,서천군
C1756,황지영,Female,48,2024-12-06,청주시 서원구
C1757,전병철,Male,42,2023-04-06,평창군
C1758,이은경,Female,64,2025-03-18,영동군
C1759,김중수,Female,40,2025-02-20,보령시
C1760,김지후,Male,32,2024-10-11,수원시 영통구
C1761,홍지현,Male,37,2025-06-05,광명시
C1762,김수빈,Female,24,2023-06-03,청양군
C1763,오정호,Male,44,2024-09-24,당진시
C1764,황중수,Male,50,2024-10-02,수원시 영통구
C1765,이종수,Female,40,2024-05-18,제천시
C1766,홍미영,Male,25,2023-07-01,성남시 분당구
C1767,김성수,Female,55,2022-11-20,동해시
C1768,김미경,Male,25,2024-05-20,고양시 일산동구
C1769,조준영,Male,54,2025-03-10,의왕시
C1770,강도윤,Female,32,2024-01-07,김포시
C1771,박은영,Female,36,2025-02-17,수원시 팔달구
C1772,곽상현,Male,24,2025-04-13,홍성군
C1773,배춘자,Female,19,2024-04-06,옥천군
C1774,이춘자,Male,57,2024-09-23,양구군
C1775,홍서준,Male,22,2025-08-05,고양시
C1776,안지현,Female,28,2024-07-07,괴산군
C1777,노예준,Male,57,2024-06-08,안성시
C1778,이수빈,Female,61,2024-05-12,시흥시
C1779,강정자,Female,53,2025-09-01,동해시
C1780,윤영호,Female,49,2024-10-25,수원시
C1781,김지우,Male,22,2022-11-13,성남시 중원구
C1782,김순옥,Female,38,2025-03-18,천안시 동남구
C1783,조수민,Female,24,2023-11-21,강릉시
C1784,김영숙,Female,36,2023-12-22,양평군
C1785,김영수,Female,22,2023-04-13,단양군
C1786,배정호,Male,15,2023-02-23,안산시 상록구
C1787,황경희,Male,55,2023-06-24,보은군
C1788,고민재,Female,17,2023-02-27,원주시
C1789,김은정,Male,70,2024-05-12,고양시 덕양구
C1790,남지연,Male,44,2025-02-23,용인시
C1791,이민석,Female,55,2024-07-23,광명시
C1792,박영호,Female,50,2023-10-28,청주시 서원구
C1793,주영환,Female,42,2024-10-14,부천시 원미구
C1794,나현숙,Female,25,2023-11-04,고양시 일산동구
C1795,김현우,Male,62,2023-09-16,안성시
C1796,정서연,Female,58,2023-05-03,청주시 흥덕구
C1797,이정희,Female,67,2024-06-06,포천시
C1798,한정수,Female,18,2023-01-24,보은군
C1799,민광수,Male,67,2023-04-24,수원시 장안구
C1800,이숙자,Male,63,2022-11-26,성남시
C1801,장영미,Male,58,2024-07-30,예산군
C1802,이은지,Male,31,2023-12-24,용인시 처인구
C1803,윤미영,Female,27,2023-09-15,화성시
C1804,이현정,Male,54,2023-05-18,인제군
C1805,남동현,Female,45,2023-08-10,청양군
C1806,양우진,Female,47,2024-10-13,홍천군
C1807,김민준,Male,55,2022-12-29,이천시
C1808,황현준,Male,40,2023-07-15,화천군
C1809,류미영,Female,65,2023-07-14,서산시
C1810,최준서,Female,40,2022-11-06,고양시 덕양구
C1811,이경수,Male,27,2024-05-18,동두천시
C1812,안수진,Female,36,2025-10-13,금산군
C1813,윤정호,Male,70,2023-04-04,용인시 처인구
C1814,김명숙,Male,42,2025-04-18,춘천시
C1815,김성현,Male,58,2024-04-29,여주시
C1816,심하윤,Male,53,2025-07-13,서산시
C1817,장도윤,Female,17,2022-11-09,계룡시
C1818,이주원,Female,60,2025-09-24,당진시
C1819,이서영,Female,55,2025-07-17,남양주시
C1820,이광수,Male,42,2023-12-21,용인시
C1821,이상호,Male,36,2024-12-20,양양군
C1822,백보람,Female,34,2025-07-16,수원시 권선구
C1823,김준서,Female,33,2024-09-18,군포시
C1824,정지혜,Male,65,2023-09-24,가평군
C1825,최서윤,Female,68,2023-10-12,부천시 오정구
C1826,홍준혁,Male,19,2023-11-22,태안군
C1827,이상현,Male,60,2023-11-08,정선군
C1828,김지원,Female,63,2023-01-07,부천시 원미구
C1829,김상철,Male,66,2024-01-11,성남시 중원구
C1830,박정자,Male,19,2025-04-18,청주시 서원구
C1831,장은주,Male,17,2023-09-28,평창군
C1832,류영희,Male,59,2024-02-21,예산군
C1833,김승현,Male,41,2022-12-22,보은군
C1834,정도현,Male,49,2025-05-31,과천시
C1835,이서연,Female,19,2025-09-01,수원시 영통구
C1836,김민석,Female,34,2025-09-12,의왕시
C1837,정영호,Female,49,2022-11-04,하남시
C1838,이지민,Female,19,2023-03-29,하남시
C1839,이지훈,Male,16,2024-03-27,양양군
C1840,이미경,Female,26,2025-10-15,양양군
C1841,김정순,Female,18,2023-01-16,영월군
C1842,김순옥,Male,70,2022-11-12,양주시
C1843,강명숙,Male,32,2024-09-17,하남시
C1844,김중수,Male,53,2024-04-25,청주시 상당구
C1845,김영자,Female,28,2024-08-09,춘천시
C1846,이순옥,Female,42,2024-07-07,서천군
C1847,김동현,Female,32,2023-06-25,예산군
C1848,윤민석,Female,42,2023-07-09,화천군
C1849,김혜진,Male,27,2024-04-27,연천군
C1850,홍지영,Male,43,2024-05-21,충주시
C1851,진준서,Female,49,2023-05-25,정선군
C1852,윤민준,Male,56,2025-06-16,강릉시
C1853,박영환,Male,47,2024-08-10,홍천군
C1854,김성현,Female,67,2024-06-19,부천시
C1855,이지훈,Male,58,2023-10-27,고양시 일산동구
C1856,이정훈,Male,39,2025-01-17,포천시
C1857,하수진,Male,28,2023-12-07,보은군
C1858,남지영,Female,32,2024-07-05,성남시 분당구
C1859,박유진,Male,16,2025-09-10,화성시
C1860,김영순,Female,46,2022-10-24,아산시
C1861,남채원,Male,68,2023-10-05,오산시
C1862,김현준,Female,64,2025-03-05,이천시
C1863,이정희,Male,62,2022-12-24,안산시
C1864,김성진,Female,41,2025-06-15,천안시 동남구
C1865,이춘자,Male,68,2024-03-07,음성군
C1866,김재호,Male,34,2024-06-27,고양시 일산서구
C1867,손옥자,Female,34,2025-01-22,청주시 흥덕구
C1868,남성진,Female,50,2023-10-18,이천시
C1869,장재호,Female,24,2024-02-16,인제군
C1870,이민서,Female,57,2023-05-12,음성군
C1871,안지연,Female,28,2022-11-19,부천시 오정구
C1872,김서영,Female,63,2023-05-04,화천군
C1873,정영철,Male,53,2025-04-17,이천시
C1874,김정숙,Female,61,2023-02-17,광명시
C1875,김춘자,Male,60,2024-09-16,고양시 일산서구
C1876,김지현,Male,48,2023-11-13,천안시 동남구
C1877,김민준,Female,24,2023-02-26,안산시 상록구
C1878,구은정,Female,21,2024-03-27,연천군
C1879,배상훈,Female,37,2023-04-16,홍천군
C1880,권은서,Male,38,2023-08-24,금산군
C1881,신정남,Female,56,2023-06-27,속초시
C1882,박주원,Male,66,2024-05-23,부천시 오정구
C1883,박정식,Female,42,2024-10-17,성남시 분당구
C1884,서미숙,Male,55,2023-12-17,고성군
C1885,최영환,Male,47,2024-06-02,하남시
C1886,박지민,Male,48,2025-08-25,고양시
C1887,박은주,Male,62,2024-08-17,증평군
C1888,박지은,Male,59,2025-08-30,수원시 장안구
C1889,최광수,Male,52,2024-11-06,인제군
C1890,김광수,Male,59,2023-11-09,제천시
C1891,김경수,Male,52,2024-03-22,청양군
C1892,이재현,Female,59,2024-06-05,성남시
C1893,이승현,Male,17,2023-03-31,여주시
C1894,박미숙,Male,46,2025-05-14,철원군
C1895,정영숙,Female,53,2025-02-12,청주시 흥덕구
C1896,박서현,Male,20,2025-02-13,홍천군
C1897,양영식,Female,51,2023-09-08,수원시 영통구
C1898,정예지,Female,28,2023-09-05,수원시 영통구
C1899,윤지아,Male,62,2022-12-23,양주시
C1900,황은영,Male,50,2022-10-20,보령시
C1901,남미정,Female,24,2025-04-29,성남시 수정구
C1902,안경희,Female,16,2024-10-29,안산시 상록구
C1903,김하윤,Female,42,2023-07-30,안산시
C1904,김영희,Female,25,2023-01-01,부여군
C1905,이지민,Female,62,2023-11-23,청주시 흥덕구
C1906,김미경,Male,61,2023-07-18,용인시 수지구
C1907,김영일,Female,42,2023-08-13,용인시 기흥구
C1908,차정식,Female,48,2025-10-09,증평군
C1909,김상훈,Male,38,2024-11-23,고양시 일산서구
C1910,박수민,Male,58,2023-01-19,수원시 팔달구
C1911,김민재,Male,61,2023-01-04,아산시
C1912,양예은,Male,22,2023-03-18,청주시 흥덕구
C1913,고상철,Male,40,2024-04-29,시흥시
C1914,김영숙,Female,62,2025-01-30,화천군
C1915,최도윤,Female,38,2025-07-10,춘천시
C1916,박동현,Female,16,2024-07-31,평택시
C1917,서현우,Female,28,2023-05-21,청양군
C1918,윤준혁,Male,26,2024-01-08,용인시 기흥구
C1919,문동현,Male,24,2024-11-02,천안시 서북구
C1920,양은지,Male,52,2024-02-18,수원시 영통구
C1921,박윤서,Male,57,2024-04-05,의왕시
C1922,윤승현,Female,54,2024-09-13,증평군
C1923,우재현,Male,29,2023-06-26,부천시
C1924,이현주,Male,57,2023-01-31,계룡시
C1925,박정남,Female,39,2025-02-26,보령시
C1926,박혜진,Male,33,2024-12-05,청양군
C1927,이영일,Male,16,2025-06-29,제천시
C1928,김성민,Male,21,2022-12-16,옥천군
C1929,김지민,Male,27,2024-11-23,옥천군
C1930,이진호,Female,49,2024-03-12,인제군
C1931,김영환,Male,50,2023-08-09,성남시 수정구
C1932,김정자,Male,61,2023-06-25,횡성군
C1933,서상훈,Female,24,2023-11-29,음성군
C1934,한지연,Male,16,2024-05-17,안산시 상록구
C1935,이정숙,Female,67,2023-08-17,춘천시
C1936,강경수,Male,68,2023-06-03,진천군
C1937,송옥자,Female,15,2023-12-06,괴산군
C1938,김영자,Male,16,2024-08-25,인제군
C1939,김지혜,Male,50,2025-01-29,김포시
C1940,김성민,Male,22,2023-03-05,안산시 단원구
C1941,백은경,Female,19,2024-05-28,동해시
C1942,이은서,Male,23,2024-03-17,성남시 수정구
C1943,김정자,Female,49,2024-03-03,안양시 동안구
C1944,박민수,Male,22,2025-06-05,안산시 상록구
C1945,지순자,Male,60,2023-06-05,화천군
C1946,이승민,Female,44,2024-11-12,금산군
C1947,김시우,Female,39,2023-09-08,증평군
C1948,신경희,Female,57,2025-08-09,양평군
C1949,김서연,Male,60,2023-11-12,횡성군
C1950,이건우,Female,47,2024-10-08,보령시
C1951,유도윤,Female,31,2023-06-04,홍천군
C1952,전상호,Female,67,2024-05-28,양구군
C1953,김성수,Male,19,2025-04-10,의왕시
C1954,한미영,Female,30,2024-04-06,영동군
C1955,김지아,Female,40,2023-06-16,천안시 동남구
C1956,최성호,Male,36,2024-02-28,보령시
C1957,이미경,Female,58,2024-12-15,수원시 장안구
C1958,이준호,Female,32,2023-03-25,서산시
C1959,최서윤,Female,38,2023-01-20,영동군
C1960,김지은,Female,39,2025-10-18,부천시 원미구
C1961,이지영,Female,60,2025-03-12,용인시 수지구
C1962,오민준,Male,59,2023-04-07,가평군
C1963,김미정,Male,48,2024-10-29,용인시 기흥구
C1964,오성민,Male,44,2022-11-24,의왕시
C1965,김준혁,Female,37,2025-09-22,천안시 동남구
C1966,김동현,Female,22,2025-07-13,진천군
C1967,이진우,Female,31,2025-09-03,평택시
C1968,최건우,Male,49,2025-07-28,원주시
C1969,김진우,Male,20,2023-05-27,과천시
C1970,김혜진,Male,36,2025-01-22,양양군
C1971,김지영,Male,45,2024-04-18,화성시
C1972,나은영,Female,53,2023-04-11,음성군
C1973,배미경,Female,65,2025-01-20,성남시 수정구
C1974,김경자,Male,48,2023-12-11,용인시 수지구
C1975,문명숙,Female,48,2025-07-06,양구군
C1976,김현숙,Male,17,2023-07-19,단양군
C1977,최정훈,Male,47,2024-12-20,당진시
C1978,최경자,Female,37,2023-12-06,양양군
C1979,권정수,Female,28,2023-08-13,안양시
C1980,최경희,Male,15,2023-12-24,광명시
C1981,구현정,Male,46,2024-02-09,용인시 수지구
C1982,서민지,Female,49,2022-12-14,용인시 수지구
C1983,한건우,Male,24,2024-12-04,안산시
C1984,김예지,Male,30,2025-09-24,서천군
C1985,박성진,Female,41,2024-12-08,정선군
C1986,엄영길,Male,67,2024-10-25,영월군
C1987,권영길,Female,27,2024-12-08,계룡시
C1988,최영미,Female,46,2023-03-05,태백시
C1989,김승현,Male,51,2022-11-29,수원시 영통구
C1990,박성수,Male,17,2023-06-04,연천군
C1991,고광수,Male,52,2023-11-24,강릉시
C1992,이숙자,Female,56,2024-02-05,홍성군
C1993,홍미영,Male,45,2023-01-04,태안군
C1994,김선영,Female,61,2024-10-09,하남시
C1995,김우진,Female,34,2024-10-13,평창군
C1996,김승현,Male,36,2025-08-30,안양시 동안구
C1997,한미숙,Male,19,2023-10-29,청주시 상당구
C1998,장채원,Male,61,2023-03-04,의왕시
C1999,김상훈,Male,23,2025-04-19,용인시
C2000,김현주,Female,51,2022-11-30,천안시 서북구
